{"stats":{"minecraft:used":{"alexsmobs:animal_dictionary":1},"minecraft:dropped":{"alexsmobs:animal_dictionary":1},"minecraft:custom":{"minecraft:jump":132,"minecraft:time_since_rest":3739,"minecraft:damage_dealt":10,"minecraft:crouch_one_cm":122,"minecraft:walk_on_water_one_cm":140,"minecraft:sprint_one_cm":14984,"minecraft:play_time":3739,"minecraft:time_since_death":3739,"minecraft:walk_one_cm":3471,"minecraft:sneak_time":29,"minecraft:total_world_time":3739,"minecraft:walk_under_water_one_cm":87,"minecraft:swim_one_cm":760,"minecraft:drop":1,"minecraft:fall_one_cm":2508,"minecraft:fly_one_cm":26821}},"DataVersion":3465}