{"stats":{"minecraft:used":{"iceandfire:copper_sword":10,"tombstone:gift":2,"alexsmobs:animal_dictionary":1},"minecraft:picked_up":{"minecraft:mutton":4,"minecraft:white_wool":2,"minecraft:dirt":1},"minecraft:dropped":{"tombstone:grave_dust":1,"minecraft:dirt":1,"alexsmobs:animal_dictionary":1},"minecraft:custom":{"minecraft:time_since_rest":3424,"tombstone:undead_killed":2,"minecraft:crouch_one_cm":227,"minecraft:play_time":9672,"minecraft:sprint_one_cm":43011,"minecraft:walk_one_cm":7427,"minecraft:damage_taken":405,"minecraft:deaths":1,"minecraft:sneak_time":120,"minecraft:trigger_trapped_chest":2,"minecraft:walk_under_water_one_cm":1963,"minecraft:mob_kills":4,"minecraft:drop":3,"minecraft:jump":395,"minecraft:damage_dealt":760,"minecraft:leave_game":1,"minecraft:time_since_death":4310,"minecraft:walk_on_water_one_cm":1143,"minecraft:total_world_time":9672,"minecraft:swim_one_cm":4984,"minecraft:fall_one_cm":11872,"minecraft:fly_one_cm":96888},"minecraft:killed":{"minecraft:sheep":2,"iceandfire:ghost":2},"minecraft:mined":{"minecraft:grass_block":1,"minecraft:vine":1,"minecraft:tall_grass":2}},"DataVersion":3465}