{"stats":{"minecraft:picked_up":{"sophisticatedbackpacks:gold_backpack":1,"luminousworld:groundpebbles_1":1,"minecraft:crafting_table":8,"minecraft:iron_chestplate":2,"iceandfire:witherbone":7,"minecraft:diamond_sword":7,"minecraft:wooden_pickaxe":1,"minecraft:enchanted_book":3,"minecraft:stripped_cherry_log":1,"minecraft:shield":1,"minecraft:music_disc_cat":1,"minecraft:string":73,"minecraft:iron_leggings":1,"minecraft:cyan_carpet":5,"quark:music_disc_ocean":1,"minecraft:beetroot":1,"minecraft:beef":5,"alexsmobs:elastic_tendon":3,"quark:cyan_shard":5,"minecraft:rose_bush":1,"minecraft:smooth_quartz":5,"minecraft:melon_slice":70,"minecraft:chest":1,"minecraft:iron_boots":3,"minecraft:furnace":1,"minecraft:stick":25,"minecraft:torch":5,"minecraft:spruce_fence":2,"sophisticatedbackpacks:backpack":1,"minecraft:porkchop":13,"minecraft:cherry_log":163,"minecraft:cookie":5,"tombstone:grave_dust":9,"minecraft:diorite":24,"born_in_chaos_v1:pieceofdarkmetal":1,"minecraft:golden_chestplate":1,"minecraft:dark_oak_planks":3,"tombstone:lollipop":6,"quark:ancient_tome":2,"minecraft:stone_sword":4,"minecraft:arrow":11,"minecraft:rotten_flesh":3,"aether:chainmail_gloves":2,"minecraft:gold_ingot":15,"sophisticatedbackpacks:copper_backpack":1,"supplementaries:ash":2,"minecraft:cobblestone":124,"minecraft:pink_petals":141,"born_in_chaos_v1:corpse_maggot":5,"minecraft:magma_block":4,"minecraft:cooked_beef":21,"born_in_chaos_v1:monster_flesh":1,"minecraft:golden_carrot":5,"minecraft:oak_log":31,"minecraft:chainmail_chestplate":1,"supplementaries:flax_seeds":1,"minecraft:cobblestone_stairs":1,"minecraft:gunpowder":2,"minecraft:wither_skeleton_skull":1,"minecraft:dirt":35,"tombstone:gift":1,"minecraft:bone":109,"minecraft:chipped_anvil":1,"minecraft:apple":1,"minecraft:wheat_seeds":4,"minecraft:birch_wood":3,"minecraft:iron_ingot":4,"minecraft:stone_pickaxe":1,"minecraft:book":12,"minecraft:pumpkin":5,"minecraft:red_wool":1,"minecraft:spider_eye":26,"luminousworld:whiteoaklog":4,"minecraft:bundle":1,"minecraft:oak_wood":5,"minecraft:slime_ball":1,"minecraft:chainmail_leggings":1,"minecraft:iron_helmet":1,"minecraft:cherry_sapling":55,"minecraft:golden_apple":2,"minecraft:chainmail_helmet":2,"minecraft:oak_sapling":2,"tombstone:magic_scroll":4,"minecraft:coal":82,"minecraft:sunflower":3},"minecraft:dropped":{"minecraft:enchanted_book":4,"minecraft:iron_ingot":9,"minecraft:porkchop":8,"minecraft:wheat_seeds":2,"minecraft:crafting_table":1,"minecraft:cobblestone":1,"minecraft:apple":1,"minecraft:chainmail_helmet":1,"minecraft:golden_apple":1,"minecraft:cobblestone_stairs":1,"minecraft:stick":6,"tombstone:magic_scroll":1,"minecraft:torch":10,"minecraft:smooth_quartz":5,"tombstone:grave_dust":7,"minecraft:chainmail_leggings":4,"minecraft:string":54,"minecraft:pink_petals":105,"minecraft:music_disc_cat":1,"minecraft:bone":2,"minecraft:gold_ingot":6,"quark:ancient_tome":3,"minecraft:stone_sword":2,"quark:music_disc_ocean":1,"iceandfire:witherbone":4,"sophisticatedbackpacks:backpack":1,"minecraft:chainmail_chestplate":1,"minecraft:diamond_sword":4,"minecraft:gunpowder":1,"aether:chainmail_gloves":3,"minecraft:bundle":1,"minecraft:iron_chestplate":1,"born_in_chaos_v1:corpse_maggot":1,"minecraft:oak_sapling":1,"tombstone:scroll_of_knowledge":1,"minecraft:spider_eye":24,"minecraft:arrow":4},"minecraft:mined":{"minecraft:dark_oak_planks":2,"minecraft:cherry_log":158,"minecraft:cobblestone_stairs":1,"minecraft:cherry_sapling":6,"minecraft:stripped_cherry_log":1,"minecraft:cyan_stained_glass":2,"minecraft:glow_lichen":1,"minecraft:spruce_fence":2,"minecraft:grass_block":4,"minecraft:spawner":1,"minecraft:magma_block":4,"minecraft:furnace":1,"minecraft:fire":21,"minecraft:pumpkin":5,"luminousworld:groundpebbles_2":1,"minecraft:stone":58,"minecraft:crafting_table":8,"minecraft:torch":1,"minecraft:cyan_stained_glass_pane":2,"minecraft:oak_wood":4,"minecraft:melon":14,"minecraft:chest":1,"minecraft:rose_bush":1,"minecraft:cobblestone":16,"minecraft:birch_wood":3,"minecraft:wall_torch":4,"minecraft:pink_petals":39,"luminousworld:whiteoaklog":4,"minecraft:grass":27,"minecraft:coal_ore":31,"minecraft:oak_log":31,"minecraft:cherry_leaves":58,"minecraft:sunflower":1,"minecraft:cyan_carpet":6,"minecraft:dirt":2,"minecraft:chipped_anvil":1,"minecraft:oak_leaves":2},"minecraft:killed_by":{"minecraft:wither_skeleton":5,"minecraft:creeper":1,"minecraft:cave_spider":1,"minecraft:skeleton":1,"alexsmobs:grizzly_bear":1},"minecraft:killed":{"alexsmobs:raccoon":1,"minecraft:spider":7,"alexsmobs:murmur":1,"undead_revamp2:thesmoker":1,"luminousworld:yellow_swallowtail":1,"born_in_chaos_v1:maggot":1,"minecraft:skeleton":2,"minecraft:pig":5,"alexsmobs:terrapin":1,"born_in_chaos_v1:corpse_fly":2,"enemyexpansion:botfly":1,"born_in_chaos_v1:nightmare_stalker":1,"minecraft:wither_skeleton":5,"minecraft:cow":1},"minecraft:crafted":{"minecraft:oak_planks":144,"minecraft:iron_axe":1,"luminousworld:white_oak_plank":16,"minecraft:stone_pickaxe":1,"minecraft:crafting_table":2,"minecraft:birch_planks":12,"minecraft:stone_axe":1,"minecraft:stick":52,"minecraft:wooden_axe":1,"minecraft:stone_sword":3,"minecraft:torch":156},"minecraft:used":{"minecraft:cherry_sapling":53,"minecraft:stone_sword":173,"minecraft:chest":1,"minecraft:shield":23,"tombstone:lollipop":4,"minecraft:torch":127,"minecraft:dirt":16,"minecraft:spruce_fence":2,"minecraft:wooden_axe":43,"minecraft:chipped_anvil":1,"minecraft:iron_axe":103,"minecraft:golden_carrot":2,"tombstone:gift":3,"minecraft:cooked_beef":14,"minecraft:cherry_log":4,"minecraft:stone_pickaxe":83,"minecraft:oak_planks":8,"minecraft:wooden_pickaxe":41,"minecraft:chainmail_helmet":22,"minecraft:golden_apple":3,"minecraft:music_disc_cat":1,"minecraft:crafting_table":8,"minecraft:melon_slice":4,"minecraft:string":2,"tombstone:grave_key":5,"minecraft:stone_axe":120,"minecraft:diamond_sword":48,"minecraft:cobblestone":48,"alexsmobs:animal_dictionary":1,"minecraft:stripped_cherry_log":1,"minecraft:experience_bottle":133},"minecraft:custom":{"minecraft:mob_kills":30,"minecraft:interact_with_anvil":3,"minecraft:interact_with_crafting_table":16,"minecraft:damage_dealt_resisted":1713,"minecraft:time_since_death":15311,"minecraft:damage_resisted":1101,"minecraft:climb_one_cm":956,"minecraft:sprint_one_cm":452601,"minecraft:walk_one_cm":241603,"minecraft:damage_blocked_by_shield":1152,"minecraft:drop":62,"tombstone:eaten_lollipop":4,"minecraft:play_noteblock":3,"minecraft:play_time":126172,"minecraft:deaths":9,"minecraft:sneak_time":5078,"minecraft:walk_under_water_one_cm":1274,"minecraft:jump":1849,"minecraft:walk_on_water_one_cm":3428,"minecraft:total_world_time":126172,"minecraft:interact_with_furnace":4,"minecraft:play_record":1,"minecraft:tune_noteblock":2,"minecraft:time_since_rest":15095,"minecraft:damage_taken":6539,"minecraft:damage_absorbed":40,"minecraft:damage_dealt":9763,"minecraft:swim_one_cm":5648,"minecraft:fly_one_cm":509660,"minecraft:open_chest":46,"minecraft:crouch_one_cm":11154,"tombstone:undead_killed":9,"minecraft:fall_one_cm":45284},"minecraft:broken":{"minecraft:stone_sword":1,"minecraft:chainmail_helmet":1,"minecraft:stone_axe":1,"minecraft:wooden_axe":1}},"DataVersion":3465}