{"stats":{"minecraft:picked_up":{"minecraft:stick":2,"minecraft:crafting_table":1,"minecraft:cooked_beef":6,"minecraft:apple":1,"minecraft:wooden_pickaxe":1,"minecraft:wheat_seeds":2,"minecraft:porkchop":8,"minecraft:oak_log":20,"minecraft:oak_sapling":2,"minecraft:cobblestone":61,"minecraft:dirt":2,"minecraft:sunflower":2},"minecraft:dropped":{"minecraft:porkchop":8,"minecraft:oak_sapling":1},"minecraft:mined":{"minecraft:grass":11,"minecraft:oak_log":20,"minecraft:sunflower":1,"minecraft:stone":25,"minecraft:oak_leaves":2,"minecraft:crafting_table":1},"minecraft:killed":{"minecraft:pig":3,"alexsmobs:terrapin":1},"minecraft:crafted":{"minecraft:oak_planks":80,"minecraft:crafting_table":1,"minecraft:stick":4,"minecraft:stone_pickaxe":1,"minecraft:wooden_axe":1},"minecraft:used":{"minecraft:wooden_axe":17,"minecraft:crafting_table":1,"alexsmobs:animal_dictionary":1,"minecraft:wooden_pickaxe":25},"minecraft:custom":{"minecraft:time_since_rest":18172,"minecraft:crouch_one_cm":278,"minecraft:play_time":18172,"minecraft:sprint_one_cm":22798,"minecraft:walk_one_cm":15398,"minecraft:sneak_time":302,"minecraft:mob_kills":4,"minecraft:drop":2,"minecraft:jump":128,"minecraft:damage_dealt":422,"minecraft:time_since_death":18172,"minecraft:total_world_time":18172,"minecraft:interact_with_crafting_table":3,"minecraft:fall_one_cm":2208,"minecraft:fly_one_cm":32092}},"DataVersion":3465}