{"stats":{"minecraft:picked_up":{"minecraft:crafting_table":7,"minecraft:iron_chestplate":2,"iceandfire:witherbone":6,"minecraft:diamond_sword":7,"minecraft:wooden_pickaxe":1,"minecraft:shield":1,"minecraft:music_disc_cat":1,"minecraft:string":52,"minecraft:cyan_carpet":4,"minecraft:beetroot":1,"minecraft:beef":5,"quark:cyan_shard":5,"minecraft:rose_bush":1,"minecraft:smooth_quartz":5,"minecraft:melon_slice":70,"minecraft:chest":1,"minecraft:iron_boots":2,"minecraft:furnace":1,"minecraft:stick":2,"minecraft:torch":5,"minecraft:spruce_fence":2,"sophisticatedbackpacks:backpack":1,"minecraft:porkchop":8,"minecraft:cookie":5,"tombstone:grave_dust":8,"minecraft:diorite":24,"minecraft:golden_chestplate":1,"tombstone:lollipop":5,"minecraft:stone_sword":4,"minecraft:arrow":7,"minecraft:rotten_flesh":3,"aether:chainmail_gloves":2,"minecraft:gold_ingot":15,"minecraft:cobblestone":122,"born_in_chaos_v1:corpse_maggot":4,"minecraft:magma_block":4,"minecraft:cooked_beef":21,"born_in_chaos_v1:monster_flesh":1,"minecraft:golden_carrot":5,"minecraft:oak_log":31,"minecraft:chainmail_chestplate":1,"supplementaries:flax_seeds":1,"minecraft:cobblestone_stairs":1,"minecraft:gunpowder":2,"minecraft:wither_skeleton_skull":1,"minecraft:dirt":4,"tombstone:gift":1,"minecraft:bone":34,"minecraft:chipped_anvil":1,"minecraft:apple":1,"minecraft:wheat_seeds":2,"minecraft:birch_wood":3,"minecraft:stone_pickaxe":1,"minecraft:book":12,"minecraft:pumpkin":5,"minecraft:spider_eye":21,"luminousworld:whiteoaklog":4,"minecraft:oak_wood":4,"minecraft:slime_ball":1,"minecraft:chainmail_leggings":1,"minecraft:iron_helmet":1,"minecraft:golden_apple":2,"minecraft:chainmail_helmet":2,"minecraft:oak_sapling":2,"tombstone:magic_scroll":2,"minecraft:coal":71,"minecraft:sunflower":2},"minecraft:dropped":{"minecraft:iron_ingot":5,"minecraft:porkchop":8,"minecraft:crafting_table":1,"minecraft:apple":1,"minecraft:chainmail_helmet":1,"minecraft:golden_apple":1,"minecraft:cobblestone_stairs":1,"minecraft:stick":6,"tombstone:magic_scroll":1,"minecraft:torch":10,"minecraft:smooth_quartz":5,"tombstone:grave_dust":6,"minecraft:chainmail_leggings":4,"minecraft:string":46,"minecraft:music_disc_cat":1,"minecraft:gold_ingot":6,"quark:ancient_tome":1,"minecraft:stone_sword":2,"iceandfire:witherbone":3,"minecraft:chainmail_chestplate":1,"minecraft:diamond_sword":4,"minecraft:gunpowder":1,"aether:chainmail_gloves":3,"minecraft:iron_chestplate":1,"born_in_chaos_v1:corpse_maggot":1,"minecraft:oak_sapling":1,"tombstone:scroll_of_knowledge":1,"minecraft:spider_eye":21},"minecraft:mined":{"minecraft:cobblestone_stairs":1,"minecraft:cyan_stained_glass":2,"minecraft:spruce_fence":2,"minecraft:grass_block":1,"minecraft:spawner":1,"minecraft:magma_block":4,"minecraft:furnace":1,"minecraft:pumpkin":5,"minecraft:stone":41,"minecraft:crafting_table":7,"minecraft:torch":1,"minecraft:cyan_stained_glass_pane":2,"minecraft:oak_wood":4,"minecraft:melon":14,"minecraft:chest":1,"minecraft:rose_bush":1,"minecraft:cobblestone":12,"minecraft:birch_wood":3,"minecraft:wall_torch":4,"luminousworld:whiteoaklog":4,"minecraft:grass":11,"minecraft:coal_ore":31,"minecraft:oak_log":31,"minecraft:sunflower":1,"minecraft:cyan_carpet":6,"minecraft:dirt":1,"minecraft:chipped_anvil":1,"minecraft:oak_leaves":2},"minecraft:killed_by":{"minecraft:wither_skeleton":5,"minecraft:cave_spider":1,"minecraft:skeleton":1},"minecraft:killed":{"minecraft:spider":2,"luminousworld:yellow_swallowtail":1,"born_in_chaos_v1:maggot":1,"minecraft:skeleton":2,"minecraft:pig":3,"alexsmobs:terrapin":1,"born_in_chaos_v1:corpse_fly":2,"enemyexpansion:botfly":1,"minecraft:wither_skeleton":1,"minecraft:cow":1},"minecraft:crafted":{"minecraft:oak_planks":124,"luminousworld:white_oak_plank":16,"minecraft:stone_pickaxe":1,"minecraft:crafting_table":1,"minecraft:birch_planks":12,"minecraft:stone_axe":1,"minecraft:stick":52,"minecraft:wooden_axe":1,"minecraft:stone_sword":3,"minecraft:torch":156},"minecraft:used":{"minecraft:stone_sword":162,"minecraft:chest":1,"minecraft:shield":16,"tombstone:lollipop":4,"minecraft:torch":92,"minecraft:spruce_fence":2,"minecraft:wooden_axe":43,"minecraft:chipped_anvil":1,"minecraft:golden_carrot":2,"tombstone:gift":3,"minecraft:cooked_beef":6,"minecraft:stone_pickaxe":56,"minecraft:wooden_pickaxe":41,"minecraft:chainmail_helmet":22,"minecraft:golden_apple":2,"minecraft:music_disc_cat":1,"minecraft:crafting_table":7,"minecraft:melon_slice":4,"minecraft:string":2,"tombstone:grave_key":5,"minecraft:stone_axe":43,"minecraft:cobblestone":43,"alexsmobs:animal_dictionary":1},"minecraft:custom":{"minecraft:mob_kills":15,"minecraft:interact_with_anvil":3,"minecraft:interact_with_crafting_table":14,"minecraft:damage_dealt_resisted":1230,"minecraft:time_since_death":1209,"minecraft:climb_one_cm":956,"minecraft:sprint_one_cm":220571,"minecraft:walk_one_cm":166422,"minecraft:damage_blocked_by_shield":450,"minecraft:drop":42,"tombstone:eaten_lollipop":4,"minecraft:play_noteblock":2,"minecraft:play_time":78172,"minecraft:deaths":7,"minecraft:sneak_time":2561,"minecraft:walk_under_water_one_cm":547,"minecraft:jump":764,"minecraft:walk_on_water_one_cm":1944,"minecraft:total_world_time":78172,"minecraft:interact_with_furnace":4,"minecraft:play_record":1,"minecraft:tune_noteblock":2,"minecraft:time_since_rest":501,"minecraft:damage_taken":5310,"minecraft:damage_dealt":4888,"minecraft:swim_one_cm":3564,"minecraft:fly_one_cm":266530,"minecraft:open_chest":20,"minecraft:crouch_one_cm":5059,"tombstone:undead_killed":3,"minecraft:fall_one_cm":14161},"minecraft:broken":{"minecraft:stone_sword":1,"minecraft:wooden_axe":1}},"DataVersion":3465}