{"stats":{"minecraft:picked_up":{"born_in_chaos_v1:corpse_maggot":1,"minecraft:magma_block":4,"minecraft:crafting_table":3,"minecraft:cooked_beef":6,"born_in_chaos_v1:monster_flesh":1,"minecraft:wooden_pickaxe":1,"minecraft:oak_log":31,"minecraft:chainmail_chestplate":1,"supplementaries:flax_seeds":1,"minecraft:shield":1,"minecraft:gunpowder":2,"minecraft:dirt":4,"minecraft:string":3,"minecraft:bone":9,"minecraft:cyan_carpet":4,"minecraft:apple":1,"minecraft:beetroot":1,"minecraft:wheat_seeds":2,"minecraft:beef":3,"quark:cyan_shard":5,"minecraft:melon_slice":70,"minecraft:chest":1,"minecraft:stick":2,"minecraft:pumpkin":5,"minecraft:torch":2,"minecraft:spruce_fence":1,"minecraft:porkchop":8,"minecraft:diorite":24,"tombstone:grave_dust":1,"minecraft:spider_eye":1,"luminousworld:whiteoaklog":4,"tombstone:lollipop":1,"minecraft:arrow":5,"minecraft:rotten_flesh":3,"minecraft:chainmail_leggings":1,"minecraft:iron_helmet":1,"minecraft:golden_apple":2,"minecraft:chainmail_helmet":1,"minecraft:oak_sapling":2,"minecraft:coal":55,"minecraft:cobblestone":108,"minecraft:sunflower":2},"minecraft:dropped":{"minecraft:iron_ingot":5,"minecraft:porkchop":8,"minecraft:apple":1,"minecraft:chainmail_helmet":1,"minecraft:golden_apple":1,"tombstone:magic_scroll":1,"born_in_chaos_v1:corpse_maggot":1,"minecraft:oak_sapling":1,"tombstone:scroll_of_knowledge":1,"minecraft:spider_eye":1,"minecraft:chainmail_leggings":4,"minecraft:gold_ingot":6,"quark:ancient_tome":1},"minecraft:mined":{"minecraft:cyan_stained_glass":2,"minecraft:crafting_table":3,"minecraft:cyan_stained_glass_pane":2,"minecraft:grass_block":1,"minecraft:spruce_fence":1,"minecraft:melon":14,"minecraft:chest":1,"minecraft:cobblestone":2,"minecraft:wall_torch":2,"minecraft:spawner":1,"luminousworld:whiteoaklog":4,"minecraft:magma_block":4,"minecraft:pumpkin":5,"minecraft:grass":11,"minecraft:oak_log":31,"minecraft:coal_ore":31,"minecraft:sunflower":1,"minecraft:cyan_carpet":6,"minecraft:dirt":1,"minecraft:stone":41,"minecraft:oak_leaves":2},"minecraft:killed_by":{"minecraft:skeleton":1},"minecraft:killed":{"minecraft:pig":3,"luminousworld:yellow_swallowtail":1,"minecraft:skeleton":2,"alexsmobs:terrapin":1,"enemyexpansion:botfly":1,"minecraft:cow":1},"minecraft:crafted":{"minecraft:oak_planks":124,"minecraft:crafting_table":1,"minecraft:stone_axe":1,"luminousworld:white_oak_plank":16,"minecraft:stick":44,"minecraft:stone_pickaxe":1,"minecraft:wooden_axe":1,"minecraft:stone_sword":1,"minecraft:torch":156},"minecraft:used":{"minecraft:stone_sword":47,"minecraft:stone_pickaxe":42,"minecraft:chest":1,"minecraft:wooden_pickaxe":41,"minecraft:torch":25,"minecraft:golden_apple":1,"minecraft:crafting_table":3,"minecraft:spruce_fence":1,"minecraft:wooden_axe":43,"tombstone:grave_key":1,"minecraft:stone_axe":24,"minecraft:cobblestone":2,"alexsmobs:animal_dictionary":1},"minecraft:custom":{"minecraft:mob_kills":9,"minecraft:interact_with_crafting_table":6,"minecraft:damage_dealt_resisted":301,"minecraft:time_since_death":2737,"minecraft:climb_one_cm":956,"minecraft:time_since_rest":2369,"minecraft:sprint_one_cm":116743,"minecraft:damage_taken":1724,"minecraft:walk_one_cm":65085,"minecraft:drop":16,"minecraft:damage_dealt":1516,"minecraft:swim_one_cm":2189,"minecraft:fly_one_cm":100792,"minecraft:open_chest":10,"minecraft:crouch_one_cm":2227,"minecraft:play_time":42172,"tombstone:undead_killed":2,"minecraft:deaths":1,"minecraft:sneak_time":1433,"minecraft:walk_under_water_one_cm":305,"minecraft:jump":479,"minecraft:walk_on_water_one_cm":823,"minecraft:total_world_time":42172,"minecraft:fall_one_cm":9667},"minecraft:broken":{"minecraft:wooden_axe":1}},"DataVersion":3465}