{"stats":{"minecraft:picked_up":{"minecraft:crafting_table":7,"minecraft:iron_chestplate":2,"iceandfire:witherbone":7,"minecraft:diamond_sword":7,"minecraft:wooden_pickaxe":1,"minecraft:shield":1,"minecraft:music_disc_cat":1,"minecraft:string":73,"minecraft:iron_leggings":1,"minecraft:cyan_carpet":5,"quark:music_disc_ocean":1,"minecraft:beetroot":1,"minecraft:beef":5,"quark:cyan_shard":5,"minecraft:rose_bush":1,"minecraft:smooth_quartz":5,"minecraft:melon_slice":70,"minecraft:chest":1,"minecraft:iron_boots":2,"minecraft:furnace":1,"minecraft:stick":2,"minecraft:torch":5,"minecraft:spruce_fence":2,"sophisticatedbackpacks:backpack":1,"minecraft:porkchop":8,"minecraft:cookie":5,"tombstone:grave_dust":9,"minecraft:diorite":24,"minecraft:golden_chestplate":1,"minecraft:dark_oak_planks":3,"tombstone:lollipop":6,"minecraft:stone_sword":4,"minecraft:arrow":7,"minecraft:rotten_flesh":3,"aether:chainmail_gloves":2,"minecraft:gold_ingot":15,"supplementaries:ash":2,"minecraft:cobblestone":124,"born_in_chaos_v1:corpse_maggot":4,"minecraft:magma_block":4,"minecraft:cooked_beef":21,"born_in_chaos_v1:monster_flesh":1,"minecraft:golden_carrot":5,"minecraft:oak_log":31,"minecraft:chainmail_chestplate":1,"supplementaries:flax_seeds":1,"minecraft:cobblestone_stairs":1,"minecraft:gunpowder":2,"minecraft:wither_skeleton_skull":1,"minecraft:dirt":4,"tombstone:gift":1,"minecraft:bone":42,"minecraft:chipped_anvil":1,"minecraft:apple":1,"minecraft:wheat_seeds":2,"minecraft:birch_wood":3,"minecraft:stone_pickaxe":1,"minecraft:book":12,"minecraft:pumpkin":5,"minecraft:spider_eye":26,"luminousworld:whiteoaklog":4,"minecraft:oak_wood":5,"minecraft:slime_ball":1,"minecraft:chainmail_leggings":1,"minecraft:iron_helmet":1,"minecraft:golden_apple":2,"minecraft:chainmail_helmet":2,"minecraft:oak_sapling":2,"tombstone:magic_scroll":4,"minecraft:coal":82,"minecraft:sunflower":3},"minecraft:dropped":{"minecraft:iron_ingot":5,"minecraft:porkchop":8,"minecraft:crafting_table":1,"minecraft:cobblestone":1,"minecraft:apple":1,"minecraft:chainmail_helmet":1,"minecraft:golden_apple":1,"minecraft:cobblestone_stairs":1,"minecraft:stick":6,"tombstone:magic_scroll":1,"minecraft:torch":10,"minecraft:smooth_quartz":5,"tombstone:grave_dust":7,"minecraft:chainmail_leggings":4,"minecraft:string":54,"minecraft:music_disc_cat":1,"minecraft:gold_ingot":6,"quark:ancient_tome":1,"minecraft:stone_sword":2,"quark:music_disc_ocean":1,"iceandfire:witherbone":4,"minecraft:chainmail_chestplate":1,"minecraft:diamond_sword":4,"minecraft:gunpowder":1,"aether:chainmail_gloves":3,"minecraft:bundle":1,"minecraft:iron_chestplate":1,"born_in_chaos_v1:corpse_maggot":1,"minecraft:oak_sapling":1,"tombstone:scroll_of_knowledge":1,"minecraft:spider_eye":24},"minecraft:mined":{"minecraft:dark_oak_planks":2,"minecraft:cobblestone_stairs":1,"minecraft:cyan_stained_glass":2,"minecraft:spruce_fence":2,"minecraft:grass_block":1,"minecraft:spawner":1,"minecraft:magma_block":4,"minecraft:furnace":1,"minecraft:fire":21,"minecraft:pumpkin":5,"minecraft:stone":41,"minecraft:crafting_table":7,"minecraft:torch":1,"minecraft:cyan_stained_glass_pane":2,"minecraft:oak_wood":4,"minecraft:melon":14,"minecraft:chest":1,"minecraft:rose_bush":1,"minecraft:cobblestone":16,"minecraft:birch_wood":3,"minecraft:wall_torch":4,"luminousworld:whiteoaklog":4,"minecraft:grass":11,"minecraft:coal_ore":31,"minecraft:oak_log":31,"minecraft:sunflower":1,"minecraft:cyan_carpet":6,"minecraft:dirt":1,"minecraft:chipped_anvil":1,"minecraft:oak_leaves":2},"minecraft:killed_by":{"minecraft:wither_skeleton":5,"minecraft:cave_spider":1,"minecraft:skeleton":1},"minecraft:killed":{"minecraft:spider":7,"luminousworld:yellow_swallowtail":1,"born_in_chaos_v1:maggot":1,"minecraft:skeleton":2,"minecraft:pig":3,"alexsmobs:terrapin":1,"born_in_chaos_v1:corpse_fly":2,"enemyexpansion:botfly":1,"minecraft:wither_skeleton":5,"minecraft:cow":1},"minecraft:crafted":{"minecraft:oak_planks":144,"luminousworld:white_oak_plank":16,"minecraft:stone_pickaxe":1,"minecraft:crafting_table":1,"minecraft:birch_planks":12,"minecraft:stone_axe":1,"minecraft:stick":52,"minecraft:wooden_axe":1,"minecraft:stone_sword":3,"minecraft:torch":156},"minecraft:used":{"minecraft:stone_sword":173,"minecraft:chest":1,"minecraft:shield":22,"tombstone:lollipop":4,"minecraft:torch":126,"minecraft:spruce_fence":2,"minecraft:wooden_axe":43,"minecraft:chipped_anvil":1,"minecraft:golden_carrot":2,"tombstone:gift":3,"minecraft:cooked_beef":8,"minecraft:stone_pickaxe":60,"minecraft:wooden_pickaxe":41,"minecraft:chainmail_helmet":22,"minecraft:golden_apple":2,"minecraft:music_disc_cat":1,"minecraft:crafting_table":7,"minecraft:melon_slice":4,"minecraft:string":2,"tombstone:grave_key":5,"minecraft:stone_axe":45,"minecraft:diamond_sword":17,"minecraft:cobblestone":48,"alexsmobs:animal_dictionary":1,"minecraft:experience_bottle":84},"minecraft:custom":{"minecraft:mob_kills":24,"minecraft:interact_with_anvil":3,"minecraft:interact_with_crafting_table":15,"minecraft:damage_dealt_resisted":1713,"minecraft:time_since_death":13209,"minecraft:damage_resisted":1101,"minecraft:climb_one_cm":956,"minecraft:sprint_one_cm":248081,"minecraft:walk_one_cm":191205,"minecraft:damage_blocked_by_shield":1142,"minecraft:drop":49,"tombstone:eaten_lollipop":4,"minecraft:play_noteblock":3,"minecraft:play_time":90172,"minecraft:deaths":7,"minecraft:sneak_time":3913,"minecraft:walk_under_water_one_cm":547,"minecraft:jump":838,"minecraft:walk_on_water_one_cm":1944,"minecraft:total_world_time":90172,"minecraft:interact_with_furnace":4,"minecraft:play_record":1,"minecraft:tune_noteblock":2,"minecraft:time_since_rest":12501,"minecraft:damage_taken":5343,"minecraft:damage_dealt":8427,"minecraft:swim_one_cm":3564,"minecraft:fly_one_cm":277562,"minecraft:open_chest":33,"minecraft:crouch_one_cm":8483,"tombstone:undead_killed":7,"minecraft:fall_one_cm":16355},"minecraft:broken":{"minecraft:stone_sword":1,"minecraft:wooden_axe":1}},"DataVersion":3465}