{"stats":{"minecraft:picked_up":{"born_in_chaos_v1:corpse_maggot":1,"minecraft:magma_block":4,"minecraft:crafting_table":4,"minecraft:cooked_beef":6,"born_in_chaos_v1:monster_flesh":1,"minecraft:wooden_pickaxe":1,"minecraft:oak_log":31,"minecraft:chainmail_chestplate":1,"supplementaries:flax_seeds":1,"minecraft:shield":1,"minecraft:gunpowder":2,"minecraft:dirt":4,"minecraft:string":11,"minecraft:bone":9,"minecraft:cyan_carpet":4,"minecraft:apple":1,"minecraft:beetroot":1,"minecraft:wheat_seeds":2,"minecraft:birch_wood":3,"minecraft:beef":3,"quark:cyan_shard":5,"minecraft:melon_slice":70,"minecraft:chest":1,"minecraft:book":12,"minecraft:stick":2,"minecraft:pumpkin":5,"minecraft:torch":5,"sophisticatedbackpacks:backpack":1,"minecraft:spruce_fence":1,"minecraft:porkchop":8,"minecraft:diorite":24,"tombstone:grave_dust":3,"minecraft:spider_eye":2,"luminousworld:whiteoaklog":4,"tombstone:lollipop":1,"minecraft:stone_sword":3,"minecraft:arrow":5,"minecraft:rotten_flesh":3,"aether:chainmail_gloves":2,"minecraft:chainmail_leggings":1,"minecraft:iron_helmet":1,"minecraft:golden_apple":2,"minecraft:chainmail_helmet":1,"minecraft:oak_sapling":2,"minecraft:coal":55,"minecraft:cobblestone":117,"minecraft:sunflower":2},"minecraft:dropped":{"minecraft:iron_ingot":5,"minecraft:porkchop":8,"minecraft:stone_sword":1,"minecraft:apple":1,"minecraft:chainmail_helmet":1,"minecraft:golden_apple":1,"aether:chainmail_gloves":2,"tombstone:magic_scroll":1,"born_in_chaos_v1:corpse_maggot":1,"minecraft:oak_sapling":1,"tombstone:scroll_of_knowledge":1,"minecraft:spider_eye":1,"minecraft:chainmail_leggings":4,"minecraft:gold_ingot":6,"quark:ancient_tome":1},"minecraft:mined":{"minecraft:cyan_stained_glass":2,"minecraft:crafting_table":4,"minecraft:torch":1,"minecraft:cyan_stained_glass_pane":2,"minecraft:grass_block":1,"minecraft:spruce_fence":1,"minecraft:melon":14,"minecraft:chest":1,"minecraft:cobblestone":10,"minecraft:birch_wood":3,"minecraft:wall_torch":3,"minecraft:spawner":1,"luminousworld:whiteoaklog":4,"minecraft:magma_block":4,"minecraft:pumpkin":5,"minecraft:grass":11,"minecraft:oak_log":31,"minecraft:coal_ore":31,"minecraft:sunflower":1,"minecraft:cyan_carpet":6,"minecraft:dirt":1,"minecraft:stone":41,"minecraft:oak_leaves":2},"minecraft:killed_by":{"minecraft:skeleton":1},"minecraft:killed":{"minecraft:pig":3,"minecraft:spider":1,"luminousworld:yellow_swallowtail":1,"minecraft:skeleton":2,"alexsmobs:terrapin":1,"enemyexpansion:botfly":1,"minecraft:cow":1},"minecraft:crafted":{"minecraft:oak_planks":124,"minecraft:crafting_table":1,"minecraft:stone_axe":1,"luminousworld:white_oak_plank":16,"minecraft:stick":52,"minecraft:stone_pickaxe":1,"minecraft:wooden_axe":1,"minecraft:stone_sword":2,"minecraft:torch":156},"minecraft:used":{"minecraft:stone_sword":102,"minecraft:stone_pickaxe":51,"minecraft:shield":11,"minecraft:chest":1,"minecraft:wooden_pickaxe":41,"minecraft:torch":49,"minecraft:golden_apple":2,"minecraft:crafting_table":4,"minecraft:spruce_fence":1,"minecraft:wooden_axe":43,"minecraft:melon_slice":2,"tombstone:grave_key":1,"minecraft:stone_axe":28,"minecraft:cobblestone":26,"alexsmobs:animal_dictionary":1,"minecraft:cooked_beef":6},"minecraft:custom":{"minecraft:mob_kills":10,"minecraft:tune_noteblock":2,"minecraft:interact_with_crafting_table":9,"minecraft:damage_dealt_resisted":991,"minecraft:time_since_death":14737,"minecraft:climb_one_cm":956,"minecraft:time_since_rest":14369,"minecraft:sprint_one_cm":153023,"minecraft:damage_taken":2478,"minecraft:walk_one_cm":101369,"minecraft:damage_blocked_by_shield":330,"minecraft:drop":19,"minecraft:damage_dealt":2951,"minecraft:swim_one_cm":2189,"minecraft:fly_one_cm":114889,"minecraft:open_chest":13,"minecraft:crouch_one_cm":2490,"minecraft:play_time":54172,"tombstone:undead_killed":2,"minecraft:deaths":1,"minecraft:sneak_time":1534,"minecraft:walk_under_water_one_cm":305,"minecraft:jump":615,"minecraft:walk_on_water_one_cm":823,"minecraft:total_world_time":54172,"minecraft:fall_one_cm":11180},"minecraft:broken":{"minecraft:wooden_axe":1}},"DataVersion":3465}