{"stats":{"minecraft:picked_up":{"minecraft:stick":2,"minecraft:crafting_table":3,"minecraft:cooked_beef":6,"born_in_chaos_v1:monster_flesh":1,"minecraft:pumpkin":1,"minecraft:wooden_pickaxe":1,"minecraft:spruce_fence":1,"minecraft:porkchop":8,"minecraft:oak_log":31,"tombstone:grave_dust":1,"minecraft:diorite":24,"minecraft:string":1,"tombstone:lollipop":1,"minecraft:dirt":4,"luminousworld:whiteoaklog":4,"minecraft:bone":1,"minecraft:cyan_carpet":4,"minecraft:apple":1,"minecraft:wheat_seeds":2,"minecraft:beef":3,"minecraft:oak_sapling":2,"minecraft:coal":55,"minecraft:cobblestone":108,"minecraft:sunflower":2},"minecraft:dropped":{"minecraft:porkchop":8,"minecraft:oak_sapling":1},"minecraft:mined":{"luminousworld:whiteoaklog":4,"minecraft:pumpkin":1,"minecraft:crafting_table":3,"minecraft:grass":11,"minecraft:spruce_fence":1,"minecraft:coal_ore":31,"minecraft:grass_block":1,"minecraft:oak_log":31,"minecraft:cyan_carpet":4,"minecraft:sunflower":1,"minecraft:dirt":1,"minecraft:cobblestone":2,"minecraft:stone":41,"minecraft:oak_leaves":2,"minecraft:spawner":1},"minecraft:killed":{"minecraft:pig":3,"alexsmobs:terrapin":1,"enemyexpansion:botfly":1,"luminousworld:yellow_swallowtail":1,"minecraft:cow":1},"minecraft:crafted":{"minecraft:oak_planks":124,"minecraft:crafting_table":1,"luminousworld:white_oak_plank":16,"minecraft:stick":12,"minecraft:stone_pickaxe":1,"minecraft:wooden_axe":1,"minecraft:stone_sword":1,"minecraft:torch":4,"minecraft:stone_axe":1},"minecraft:used":{"minecraft:wooden_axe":43,"minecraft:stone_sword":4,"minecraft:stone_pickaxe":38,"minecraft:wooden_pickaxe":41,"minecraft:torch":2,"minecraft:stone_axe":3,"minecraft:crafting_table":3,"alexsmobs:animal_dictionary":1,"minecraft:spruce_fence":1},"minecraft:custom":{"minecraft:time_since_rest":30172,"minecraft:sprint_one_cm":74671,"minecraft:damage_taken":410,"minecraft:walk_one_cm":33911,"minecraft:mob_kills":7,"minecraft:drop":2,"minecraft:damage_dealt":723,"minecraft:swim_one_cm":2189,"minecraft:interact_with_crafting_table":5,"minecraft:fly_one_cm":83382,"minecraft:open_chest":1,"minecraft:crouch_one_cm":1179,"minecraft:play_time":30172,"minecraft:sneak_time":695,"minecraft:walk_under_water_one_cm":305,"minecraft:jump":378,"minecraft:walk_on_water_one_cm":823,"minecraft:time_since_death":30172,"minecraft:total_world_time":30172,"minecraft:fall_one_cm":8204},"minecraft:broken":{"minecraft:wooden_axe":1}},"DataVersion":3465}