{"stats":{"minecraft:picked_up":{"minecraft:iron_chestplate":1,"born_in_chaos_v1:corpse_maggot":4,"minecraft:magma_block":4,"minecraft:crafting_table":7,"minecraft:cooked_beef":21,"minecraft:golden_carrot":5,"born_in_chaos_v1:monster_flesh":1,"minecraft:diamond_sword":1,"minecraft:wooden_pickaxe":1,"minecraft:oak_log":31,"minecraft:chainmail_chestplate":1,"supplementaries:flax_seeds":1,"minecraft:wither_skeleton_skull":1,"minecraft:shield":1,"minecraft:gunpowder":2,"minecraft:cobblestone_stairs":1,"minecraft:music_disc_cat":1,"minecraft:dirt":4,"minecraft:string":15,"minecraft:chipped_anvil":1,"minecraft:bone":15,"minecraft:cyan_carpet":4,"minecraft:apple":1,"minecraft:beetroot":1,"minecraft:wheat_seeds":2,"minecraft:birch_wood":3,"minecraft:beef":5,"quark:cyan_shard":5,"minecraft:rose_bush":1,"minecraft:melon_slice":70,"minecraft:chest":1,"minecraft:furnace":1,"minecraft:book":12,"minecraft:stick":2,"minecraft:pumpkin":5,"minecraft:torch":5,"sophisticatedbackpacks:backpack":1,"minecraft:spruce_fence":2,"minecraft:porkchop":8,"minecraft:diorite":24,"tombstone:grave_dust":3,"minecraft:golden_chestplate":1,"minecraft:spider_eye":3,"luminousworld:whiteoaklog":4,"tombstone:lollipop":4,"minecraft:stone_sword":3,"minecraft:arrow":7,"minecraft:rotten_flesh":3,"minecraft:slime_ball":1,"aether:chainmail_gloves":2,"minecraft:chainmail_leggings":1,"minecraft:iron_helmet":1,"minecraft:golden_apple":2,"minecraft:gold_ingot":15,"minecraft:chainmail_helmet":1,"tombstone:magic_scroll":1,"minecraft:oak_sapling":2,"minecraft:coal":65,"minecraft:cobblestone":119,"minecraft:sunflower":2},"minecraft:dropped":{"minecraft:iron_ingot":5,"minecraft:porkchop":8,"minecraft:stone_sword":2,"minecraft:apple":1,"minecraft:chainmail_helmet":1,"minecraft:golden_apple":1,"minecraft:chainmail_chestplate":1,"aether:chainmail_gloves":3,"tombstone:magic_scroll":1,"minecraft:iron_chestplate":1,"born_in_chaos_v1:corpse_maggot":1,"minecraft:oak_sapling":1,"tombstone:scroll_of_knowledge":1,"minecraft:spider_eye":1,"minecraft:chainmail_leggings":4,"minecraft:string":12,"minecraft:music_disc_cat":1,"minecraft:gold_ingot":6,"quark:ancient_tome":1},"minecraft:mined":{"minecraft:cobblestone_stairs":1,"minecraft:cyan_stained_glass":2,"minecraft:crafting_table":7,"minecraft:torch":1,"minecraft:cyan_stained_glass_pane":2,"minecraft:grass_block":1,"minecraft:spruce_fence":2,"minecraft:melon":14,"minecraft:chest":1,"minecraft:rose_bush":1,"minecraft:cobblestone":12,"minecraft:birch_wood":3,"minecraft:wall_torch":3,"minecraft:spawner":1,"luminousworld:whiteoaklog":4,"minecraft:magma_block":4,"minecraft:furnace":1,"minecraft:pumpkin":5,"minecraft:grass":11,"minecraft:oak_log":31,"minecraft:coal_ore":31,"minecraft:sunflower":1,"minecraft:cyan_carpet":6,"minecraft:dirt":1,"minecraft:stone":41,"minecraft:chipped_anvil":1,"minecraft:oak_leaves":2},"minecraft:killed_by":{"minecraft:wither_skeleton":2,"minecraft:skeleton":1},"minecraft:killed":{"minecraft:pig":3,"minecraft:spider":2,"luminousworld:yellow_swallowtail":1,"born_in_chaos_v1:maggot":1,"minecraft:skeleton":2,"alexsmobs:terrapin":1,"born_in_chaos_v1:corpse_fly":2,"enemyexpansion:botfly":1,"minecraft:cow":1},"minecraft:crafted":{"minecraft:oak_planks":124,"minecraft:crafting_table":1,"minecraft:birch_planks":12,"minecraft:stone_axe":1,"luminousworld:white_oak_plank":16,"minecraft:stick":52,"minecraft:stone_pickaxe":1,"minecraft:wooden_axe":1,"minecraft:stone_sword":3,"minecraft:torch":156},"minecraft:used":{"minecraft:stone_sword":132,"minecraft:stone_pickaxe":56,"minecraft:shield":11,"minecraft:chest":1,"minecraft:wooden_pickaxe":41,"tombstone:lollipop":2,"minecraft:torch":82,"minecraft:golden_apple":2,"minecraft:music_disc_cat":1,"minecraft:crafting_table":7,"minecraft:spruce_fence":2,"minecraft:wooden_axe":43,"minecraft:melon_slice":4,"tombstone:grave_key":2,"minecraft:stone_axe":39,"minecraft:cobblestone":34,"alexsmobs:animal_dictionary":1,"minecraft:cooked_beef":6},"minecraft:custom":{"minecraft:interact_with_furnace":4,"minecraft:mob_kills":14,"minecraft:play_record":1,"minecraft:tune_noteblock":2,"minecraft:interact_with_crafting_table":14,"minecraft:damage_dealt_resisted":1089,"minecraft:time_since_death":1848,"minecraft:climb_one_cm":956,"minecraft:time_since_rest":1646,"minecraft:sprint_one_cm":188088,"minecraft:damage_taken":3422,"minecraft:walk_one_cm":130573,"minecraft:damage_blocked_by_shield":330,"minecraft:drop":25,"tombstone:eaten_lollipop":2,"minecraft:damage_dealt":3890,"minecraft:swim_one_cm":2189,"minecraft:fly_one_cm":123285,"minecraft:open_chest":17,"minecraft:crouch_one_cm":3896,"minecraft:play_time":66172,"tombstone:undead_killed":2,"minecraft:deaths":3,"minecraft:sneak_time":2143,"minecraft:walk_under_water_one_cm":305,"minecraft:jump":656,"minecraft:walk_on_water_one_cm":823,"minecraft:total_world_time":66172,"minecraft:fall_one_cm":11586},"minecraft:broken":{"minecraft:stone_sword":1,"minecraft:wooden_axe":1}},"DataVersion":3465}