{"stats":{"minecraft:picked_up":{"sophisticatedbackpacks:gold_backpack":1,"luminousworld:groundpebbles_1":4,"minecraft:crafting_table":9,"minecraft:iron_chestplate":3,"iceandfire:witherbone":7,"minecraft:diamond_sword":7,"minecraft:wooden_pickaxe":1,"minecraft:enchanted_book":3,"minecraft:stripped_cherry_log":1,"minecraft:shield":1,"minecraft:music_disc_cat":1,"minecraft:string":73,"minecraft:iron_leggings":1,"minecraft:cyan_carpet":5,"quark:music_disc_ocean":1,"minecraft:beetroot":1,"minecraft:beef":5,"alexsmobs:elastic_tendon":3,"quark:cyan_shard":5,"minecraft:rose_bush":1,"minecraft:smooth_quartz":5,"minecraft:melon_slice":70,"minecraft:chest":1,"minecraft:iron_boots":3,"minecraft:furnace":1,"minecraft:stick":46,"minecraft:copper_ingot":3,"minecraft:torch":5,"minecraft:spruce_fence":2,"sophisticatedbackpacks:backpack":1,"minecraft:porkchop":13,"minecraft:cherry_log":163,"minecraft:cookie":5,"tombstone:grave_dust":9,"minecraft:diorite":24,"born_in_chaos_v1:pieceofdarkmetal":4,"minecraft:golden_chestplate":1,"minecraft:dark_oak_planks":3,"tombstone:lollipop":6,"quark:ancient_tome":2,"minecraft:stone_sword":4,"minecraft:arrow":11,"minecraft:rotten_flesh":36,"aether:chainmail_gloves":2,"tombstone:essence_of_undeath":1,"minecraft:gold_ingot":15,"sophisticatedbackpacks:copper_backpack":1,"supplementaries:ash":2,"minecraft:cobblestone":125,"minecraft:pink_petals":395,"born_in_chaos_v1:corpse_maggot":5,"minecraft:magma_block":4,"minecraft:feather":2,"minecraft:cooked_beef":21,"minecraft:cherry_planks":74,"born_in_chaos_v1:monster_flesh":1,"minecraft:golden_carrot":5,"minecraft:oak_log":31,"minecraft:chainmail_chestplate":1,"supplementaries:flax_seeds":1,"minecraft:cobblestone_stairs":1,"minecraft:gunpowder":2,"minecraft:wither_skeleton_skull":1,"minecraft:dirt":304,"tombstone:gift":1,"minecraft:bone":120,"minecraft:chipped_anvil":1,"minecraft:apple":1,"minecraft:wheat_seeds":10,"minecraft:birch_wood":3,"minecraft:iron_ingot":7,"minecraft:stone_pickaxe":1,"minecraft:book":12,"minecraft:pumpkin":5,"minecraft:red_wool":1,"minecraft:spider_eye":26,"luminousworld:whiteoaklog":4,"minecraft:bundle":4,"minecraft:oak_wood":5,"minecraft:slime_ball":1,"minecraft:chainmail_leggings":1,"minecraft:iron_helmet":1,"minecraft:cherry_sapling":59,"minecraft:golden_apple":2,"minecraft:chainmail_helmet":2,"minecraft:oak_sapling":2,"tombstone:magic_scroll":4,"minecraft:coal":82,"undead_revamp2:bostroxingot":1,"minecraft:sunflower":3},"minecraft:dropped":{"minecraft:enchanted_book":4,"minecraft:iron_ingot":9,"minecraft:porkchop":8,"minecraft:wheat_seeds":8,"minecraft:crafting_table":1,"minecraft:cobblestone":1,"minecraft:apple":1,"minecraft:chainmail_helmet":1,"minecraft:golden_apple":1,"minecraft:cobblestone_stairs":1,"minecraft:stick":33,"minecraft:dirt":48,"tombstone:magic_scroll":1,"minecraft:torch":10,"minecraft:smooth_quartz":5,"minecraft:cherry_planks":43,"tombstone:grave_dust":7,"minecraft:chainmail_leggings":4,"minecraft:string":54,"minecraft:pink_petals":250,"minecraft:music_disc_cat":1,"minecraft:bone":2,"minecraft:gold_ingot":6,"quark:ancient_tome":3,"minecraft:stone_sword":2,"quark:music_disc_ocean":1,"iceandfire:witherbone":4,"minecraft:cherry_sapling":3,"sophisticatedbackpacks:backpack":1,"minecraft:chainmail_chestplate":1,"minecraft:diamond_sword":4,"minecraft:gunpowder":1,"aether:chainmail_gloves":3,"minecraft:bundle":1,"minecraft:iron_chestplate":1,"born_in_chaos_v1:corpse_maggot":1,"minecraft:oak_sapling":1,"tombstone:scroll_of_knowledge":1,"minecraft:spider_eye":24,"tombstone:essence_of_undeath":1,"minecraft:arrow":4},"minecraft:mined":{"minecraft:dark_oak_planks":2,"minecraft:cherry_log":158,"minecraft:cobblestone_stairs":1,"minecraft:cherry_sapling":6,"minecraft:stripped_cherry_log":1,"minecraft:cyan_stained_glass":2,"minecraft:glow_lichen":1,"minecraft:spruce_fence":2,"minecraft:grass_block":161,"minecraft:spawner":1,"minecraft:magma_block":4,"minecraft:furnace":1,"minecraft:fire":21,"minecraft:pumpkin":5,"luminousworld:groundpebbles_2":1,"minecraft:stone":58,"minecraft:cherry_planks":25,"minecraft:crafting_table":8,"minecraft:torch":1,"minecraft:cyan_stained_glass_pane":2,"minecraft:oak_wood":4,"minecraft:melon":14,"minecraft:chest":1,"minecraft:rose_bush":1,"minecraft:cobblestone":16,"minecraft:birch_wood":3,"minecraft:wall_torch":4,"minecraft:pink_petals":59,"luminousworld:whiteoaklog":4,"minecraft:grass":37,"minecraft:coal_ore":31,"minecraft:oak_log":31,"minecraft:cherry_leaves":58,"minecraft:sunflower":1,"minecraft:cyan_carpet":6,"minecraft:dirt":7,"minecraft:chipped_anvil":1,"minecraft:oak_leaves":2},"minecraft:killed_by":{"undead_revamp2:sucker":1,"minecraft:wither_skeleton":5,"minecraft:creeper":1,"minecraft:cave_spider":1,"minecraft:skeleton":1,"minecraft:zombie":1,"alexsmobs:grizzly_bear":1},"minecraft:killed":{"undead_revamp2:thehunter":1,"alexsmobs:raccoon":1,"minecraft:spider":7,"alexsmobs:murmur":1,"undead_revamp2:thesmoker":1,"luminousworld:yellow_swallowtail":1,"born_in_chaos_v1:maggot":1,"minecraft:skeleton":2,"minecraft:pig":5,"enemyexpansion:sprinter":1,"minecraft:zombie":1,"alexsmobs:terrapin":1,"born_in_chaos_v1:corpse_fly":2,"enemyexpansion:botfly":1,"born_in_chaos_v1:nightmare_stalker":1,"alexsmobs:crow":1,"minecraft:wither_skeleton":5,"minecraft:cow":1},"minecraft:crafted":{"minecraft:cherry_planks":256,"minecraft:oak_planks":144,"quark:cherry_chest":2,"minecraft:iron_axe":1,"luminousworld:white_oak_plank":16,"minecraft:stone_pickaxe":1,"minecraft:wooden_shovel":5,"minecraft:crafting_table":2,"minecraft:iron_sword":1,"minecraft:birch_planks":12,"minecraft:stone_axe":1,"minecraft:stick":72,"minecraft:wooden_axe":1,"minecraft:stone_sword":3,"minecraft:torch":156},"minecraft:used":{"minecraft:cherry_sapling":53,"minecraft:stone_sword":173,"minecraft:chest":1,"minecraft:shield":32,"tombstone:lollipop":4,"minecraft:wooden_shovel":187,"minecraft:torch":127,"quark:cherry_chest":2,"minecraft:dirt":31,"minecraft:spruce_fence":2,"minecraft:wooden_axe":43,"minecraft:chipped_anvil":1,"minecraft:iron_axe":132,"minecraft:golden_carrot":2,"tombstone:gift":3,"minecraft:cooked_beef":16,"minecraft:cherry_log":4,"minecraft:stone_pickaxe":83,"minecraft:oak_planks":8,"minecraft:wooden_pickaxe":41,"minecraft:cherry_planks":35,"minecraft:chainmail_helmet":22,"minecraft:golden_apple":3,"minecraft:music_disc_cat":1,"minecraft:crafting_table":9,"minecraft:melon_slice":4,"minecraft:string":2,"tombstone:grave_key":5,"minecraft:stone_axe":120,"minecraft:diamond_sword":92,"minecraft:cobblestone":48,"alexsmobs:animal_dictionary":1,"minecraft:stripped_cherry_log":1,"minecraft:experience_bottle":133},"minecraft:custom":{"minecraft:mob_kills":35,"minecraft:interact_with_anvil":3,"minecraft:interact_with_crafting_table":21,"minecraft:damage_dealt_resisted":2097,"minecraft:leave_game":1,"minecraft:time_since_death":806,"minecraft:damage_resisted":1694,"minecraft:climb_one_cm":956,"minecraft:sprint_one_cm":521891,"minecraft:walk_one_cm":276585,"minecraft:damage_blocked_by_shield":1527,"minecraft:drop":71,"tombstone:eaten_lollipop":4,"minecraft:play_noteblock":3,"minecraft:damage_dealt_absorbed":80,"minecraft:play_time":142626,"minecraft:deaths":11,"minecraft:sneak_time":5693,"minecraft:walk_under_water_one_cm":1274,"minecraft:jump":2188,"minecraft:walk_on_water_one_cm":7374,"minecraft:total_world_time":142626,"minecraft:interact_with_furnace":4,"minecraft:play_record":1,"minecraft:tune_noteblock":2,"minecraft:time_since_rest":252,"minecraft:damage_taken":7254,"minecraft:damage_absorbed":80,"minecraft:damage_dealt":11334,"minecraft:swim_one_cm":5648,"minecraft:fly_one_cm":590388,"minecraft:open_chest":51,"minecraft:crouch_one_cm":13647,"tombstone:undead_killed":12,"minecraft:fall_one_cm":51790},"minecraft:broken":{"minecraft:wooden_shovel":2,"minecraft:stone_sword":1,"minecraft:chainmail_helmet":1,"minecraft:chainmail_chestplate":1,"minecraft:stone_axe":1,"minecraft:wooden_axe":1}},"DataVersion":3465}