{"stats":{"minecraft:picked_up":{"minecraft:oak_log":10,"minecraft:wheat_seeds":2,"minecraft:sunflower":1},"minecraft:mined":{"minecraft:grass":11,"minecraft:oak_log":10,"minecraft:oak_leaves":2,"minecraft:sunflower":1},"minecraft:crafted":{"minecraft:crafting_table":1,"minecraft:oak_planks":4},"minecraft:killed":{"alexsmobs:terrapin":1},"minecraft:used":{"alexsmobs:animal_dictionary":1},"minecraft:custom":{"minecraft:jump":47,"minecraft:time_since_rest":6172,"minecraft:damage_dealt":122,"minecraft:crouch_one_cm":235,"minecraft:sprint_one_cm":8697,"minecraft:play_time":6172,"minecraft:time_since_death":6172,"minecraft:walk_one_cm":5973,"minecraft:sneak_time":285,"minecraft:total_world_time":6172,"minecraft:mob_kills":1,"minecraft:fall_one_cm":1312,"minecraft:fly_one_cm":11631}},"DataVersion":3465}