{"stats":{"minecraft:picked_up":{"born_in_chaos_v1:corpse_maggot":1,"minecraft:crafting_table":4,"minecraft:oak_log":29,"minecraft:gunpowder":1,"minecraft:string":8,"minecraft:dirt":16,"minecraft:bone":3,"minecraft:wheat_seeds":3,"minecraft:iron_ingot":5,"minecraft:smooth_quartz":18,"minecraft:sugar_cane":6,"minecraft:oak_planks":3,"minecraft:stick":4,"minecraft:spruce_fence":2,"minecraft:porkchop":8,"tombstone:grave_dust":1,"minecraft:diorite":8,"minecraft:spider_eye":1,"tombstone:lollipop":1,"quark:ancient_tome":1,"minecraft:arrow":3,"minecraft:rotten_flesh":6,"tombstone:scroll_of_knowledge":1,"minecraft:chainmail_leggings":4,"minecraft:golden_apple":1,"minecraft:chainmail_helmet":1,"minecraft:gold_ingot":6,"tombstone:magic_scroll":1,"minecraft:oak_sapling":5,"minecraft:coal":27,"minecraft:cobblestone":274,"minecraft:sunflower":10},"minecraft:dropped":{"minecraft:wheat_seeds":3,"minecraft:cooked_beef":6,"minecraft:rotten_flesh":2,"minecraft:chainmail_helmet":1,"minecraft:golden_apple":2,"minecraft:chainmail_chestplate":1,"minecraft:shield":1,"tombstone:grave_dust":1,"minecraft:spider_eye":1,"minecraft:sunflower":4,"minecraft:wooden_pickaxe":1,"minecraft:chainmail_leggings":3},"minecraft:mined":{"luminousworld:grassvariant_4":2,"minecraft:crafting_table":4,"minecraft:grass_block":7,"minecraft:spruce_fence":2,"luminousworld:whiteoakleaves":1,"minecraft:tall_grass":6,"minecraft:cobblestone":14,"minecraft:oak_planks":3,"minecraft:sugar_cane":2,"minecraft:diorite":32,"minecraft:grass":14,"minecraft:oak_log":29,"minecraft:coal_ore":50,"minecraft:sunflower":9,"minecraft:dirt":11,"minecraft:smooth_quartz":18,"minecraft:stone":327,"minecraft:oak_leaves":4},"minecraft:killed":{"minecraft:cave_spider":2,"undead_revamp2:the_moonflower":1,"minecraft:spider":6,"earthmobsmod:lobber_zombie":1,"enemyexpansion:direwolf":1,"minecraft:creeper":1,"born_in_chaos_v1:maggot":3,"minecraft:skeleton":2,"minecraft:zombie":1,"born_in_chaos_v1:dread_hound":1,"born_in_chaos_v1:corpse_fly":1,"enemyexpansion:botfly":3,"minecraft:wither_skeleton":1,"enemyexpansion:slugger":1},"minecraft:crafted":{"minecraft:oak_planks":116,"vanillaplustools:stone_hammer":1,"minecraft:crafting_table":2,"minecraft:wooden_pickaxe":1,"minecraft:furnace":2,"minecraft:bucket":1,"minecraft:stone_axe":1,"minecraft:air":0,"minecraft:oak_boat":2,"minecraft:leather":10,"minecraft:shield":2,"quark:oak_chest":2,"minecraft:stick":60,"minecraft:stone_pickaxe":10,"minecraft:stone_sword":2},"minecraft:used":{"minecraft:diorite":8,"minecraft:stone_sword":129,"minecraft:stone_pickaxe":67,"minecraft:oak_planks":4,"minecraft:shield":18,"minecraft:wooden_pickaxe":3,"tombstone:lollipop":1,"vanillaplustools:stone_hammer":55,"minecraft:dirt":16,"minecraft:crafting_table":6,"minecraft:spruce_fence":1,"minecraft:sunflower":6,"tombstone:magic_scroll":2,"minecraft:smooth_quartz":18,"minecraft:stone_axe":49,"minecraft:gunpowder":1,"minecraft:cobblestone":99,"minecraft:furnace":2,"minecraft:oak_sapling":5,"minecraft:cooked_beef":1},"minecraft:custom":{"minecraft:interact_with_furnace":8,"minecraft:mob_kills":25,"minecraft:interact_with_crafting_table":18,"minecraft:damage_dealt_resisted":1411,"minecraft:time_since_death":39018,"minecraft:climb_one_cm":2004,"minecraft:time_since_rest":39018,"minecraft:sprint_one_cm":77381,"minecraft:damage_taken":2856,"minecraft:walk_one_cm":80882,"minecraft:damage_blocked_by_shield":2040,"minecraft:drop":20,"tombstone:eaten_lollipop":1,"minecraft:damage_dealt":7514,"tombstone:cast_on_ally":2,"minecraft:swim_one_cm":2021,"minecraft:fly_one_cm":90287,"minecraft:open_chest":8,"minecraft:crouch_one_cm":20033,"minecraft:play_time":39018,"tombstone:undead_killed":7,"minecraft:sneak_time":5595,"minecraft:walk_under_water_one_cm":149,"minecraft:jump":638,"minecraft:walk_on_water_one_cm":83,"minecraft:total_world_time":39018,"minecraft:fall_one_cm":13113},"minecraft:broken":{"minecraft:stone_sword":1}},"DataVersion":3465}