{"stats":{"minecraft:picked_up":{"luminousworld:groundpebbles_1":1,"minecraft:crafting_table":10,"minecraft:iron_chestplate":2,"iceandfire:witherbone":32,"minecraft:diamond_sword":10,"minecraft:stripped_cherry_log":1,"minecraft:string":167,"minecraft:cyan_carpet":2,"minecraft:music_disc_otherside":2,"minecraft:oak_boat":1,"minecraft:rose_bush":2,"alexsmobs:raccoon_tail":1,"minecraft:iron_pickaxe":1,"minecraft:smooth_quartz":33,"minecraft:coal_block":1,"minecraft:sugar_cane":6,"minecraft:iron_boots":2,"minecraft:furnace":2,"minecraft:stick":69,"minecraft:torch":22,"sophisticatedbackpacks:backpack":1,"minecraft:spruce_fence":8,"minecraft:note_block":1,"minecraft:porkchop":8,"minecraft:cherry_log":11,"minecraft:cookie":5,"tombstone:grave_dust":24,"minecraft:diorite":8,"minecraft:dark_oak_planks":6,"tombstone:lollipop":10,"quark:ancient_tome":1,"minecraft:stone_sword":6,"minecraft:arrow":22,"minecraft:rotten_flesh":16,"aether:chainmail_gloves":2,"tombstone:essence_of_undeath":1,"minecraft:gold_ingot":6,"supplementaries:ash":1,"minecraft:cobblestone":555,"minecraft:enchanting_table":1,"minecraft:pink_petals":84,"born_in_chaos_v1:corpse_maggot":7,"minecraft:cherry_planks":13,"minecraft:water_bucket":1,"minecraft:leather":2,"alexsmobs:bear_fur":6,"minecraft:oak_log":29,"minecraft:chainmail_chestplate":1,"minecraft:gunpowder":2,"minecraft:wither_skeleton_skull":5,"minecraft:dirt":37,"minecraft:chipped_anvil":2,"minecraft:bone":95,"minecraft:bow":1,"minecraft:wheat_seeds":7,"minecraft:iron_ingot":5,"tombstone:bag_of_seeds":3,"minecraft:oak_planks":3,"minecraft:book":45,"minecraft:spider_eye":98,"minecraft:bundle":3,"minecraft:stone_axe":1,"tombstone:scroll_of_knowledge":1,"minecraft:chainmail_leggings":4,"minecraft:iron_helmet":2,"minecraft:cherry_sapling":11,"minecraft:golden_apple":1,"minecraft:chainmail_helmet":1,"tombstone:magic_scroll":1,"minecraft:oak_sapling":5,"minecraft:coal":115,"minecraft:sunflower":11},"minecraft:dropped":{"minecraft:wheat_seeds":6,"minecraft:cherry_log":3,"minecraft:cooked_beef":20,"minecraft:cobblestone":41,"minecraft:chainmail_helmet":2,"minecraft:golden_apple":2,"sophisticatedbackpacks:gold_backpack":1,"minecraft:stick":47,"minecraft:golden_carrot":5,"minecraft:rose_bush":2,"tombstone:grave_dust":24,"minecraft:sunflower":5,"minecraft:chainmail_leggings":4,"alexsmobs:raccoon_tail":1,"minecraft:gold_ingot":15,"tombstone:lollipop":2,"minecraft:stone_sword":1,"tombstone:gift":1,"minecraft:rotten_flesh":2,"minecraft:iron_boots":2,"sophisticatedbackpacks:backpack":1,"minecraft:spruce_fence":1,"alexsmobs:bear_fur":6,"minecraft:chainmail_chestplate":2,"minecraft:diamond_sword":3,"minecraft:shield":1,"aether:chainmail_gloves":1,"minecraft:bundle":1,"minecraft:iron_chestplate":1,"born_in_chaos_v1:corpse_maggot":2,"minecraft:chainmail_boots":1,"minecraft:spider_eye":5,"minecraft:stone_pickaxe":1,"minecraft:wooden_pickaxe":1},"minecraft:mined":{"minecraft:dark_oak_planks":7,"luminousworld:grassvariant_4":2,"minecraft:cherry_log":13,"minecraft:stripped_cherry_log":1,"minecraft:grass_block":8,"minecraft:spruce_fence":7,"luminousworld:whiteoakleaves":1,"minecraft:coal_block":1,"minecraft:spawner":5,"minecraft:furnace":2,"minecraft:fire":22,"minecraft:enchanting_table":1,"minecraft:bookshelf":19,"minecraft:stone":531,"minecraft:cherry_planks":13,"minecraft:crafting_table":9,"minecraft:torch":3,"minecraft:note_block":1,"minecraft:rose_bush":2,"minecraft:tall_grass":13,"minecraft:cobblestone":56,"minecraft:sugar_cane":2,"minecraft:oak_planks":3,"minecraft:diorite":32,"minecraft:pink_petals":20,"minecraft:grass":29,"minecraft:coal_ore":50,"minecraft:oak_log":29,"minecraft:cherry_leaves":1,"minecraft:cyan_carpet":1,"minecraft:smooth_quartz":33,"minecraft:sunflower":11,"minecraft:dirt":11,"minecraft:cobweb":4,"minecraft:chipped_anvil":2,"minecraft:oak_leaves":4},"minecraft:killed_by":{"minecraft:wither_skeleton":1,"minecraft:skeleton":1,"alexsmobs:grizzly_bear":1},"minecraft:killed":{"minecraft:cave_spider":32,"alexsmobs:raccoon":2,"minecraft:spider":76,"enemyexpansion:direwolf":1,"undead_revamp2:theswarmer":1,"born_in_chaos_v1:maggot":5,"minecraft:skeleton":15,"quark:shiba":1,"minecraft:bee":1,"undead_revamp2:sucker":1,"enemyexpansion:goblin":1,"alexsmobs:grizzly_bear":1,"born_in_chaos_v1:swarmer":1,"undead_revamp2:the_moonflower":5,"earthmobsmod:lobber_zombie":1,"minecraft:creeper":1,"born_in_chaos_v1:decrepit_skeleton":1,"minecraft:zombie":4,"born_in_chaos_v1:dread_hound":1,"born_in_chaos_v1:corpse_fly":6,"enemyexpansion:botfly":3,"minecraft:wither_skeleton":63,"enemyexpansion:slugger":1},"minecraft:crafted":{"minecraft:cherry_planks":24,"minecraft:oak_planks":116,"vanillaplustools:stone_hammer":1,"minecraft:furnace":2,"minecraft:leather":10,"minecraft:iron_axe":1,"minecraft:stone_pickaxe":10,"sophisticatedbackpacks:iron_backpack":2,"sophisticatedbackpacks:backpack":2,"minecraft:crafting_table":2,"minecraft:wooden_pickaxe":1,"sophisticatedbackpacks:gold_backpack":2,"minecraft:bucket":1,"minecraft:stone_axe":1,"minecraft:air":0,"minecraft:oak_boat":2,"minecraft:shield":3,"minecraft:stick":60,"quark:oak_chest":2,"minecraft:stone_sword":2,"minecraft:torch":8},"minecraft:used":{"minecraft:cherry_sapling":6,"minecraft:stone_sword":308,"minecraft:music_disc_otherside":2,"minecraft:shield":65,"tombstone:lollipop":8,"vanillaplustools:stone_hammer":93,"minecraft:torch":30,"minecraft:dirt":37,"minecraft:chainmail_chestplate":1,"minecraft:spruce_fence":3,"minecraft:chipped_anvil":1,"minecraft:iron_axe":48,"minecraft:smooth_quartz":27,"minecraft:gunpowder":1,"minecraft:oak_sapling":5,"minecraft:furnace":2,"tombstone:gift":2,"minecraft:cooked_beef":2,"minecraft:cherry_log":3,"minecraft:water_bucket":1,"minecraft:diorite":8,"minecraft:stone_pickaxe":78,"minecraft:oak_planks":4,"minecraft:wooden_pickaxe":3,"minecraft:cherry_planks":13,"luminousworld:groundpebbles_1":1,"minecraft:crafting_table":12,"minecraft:note_block":1,"minecraft:sunflower":6,"minecraft:iron_pickaxe":31,"minecraft:cyan_carpet":2,"tombstone:magic_scroll":14,"tombstone:grave_key":1,"minecraft:stone_axe":96,"minecraft:pink_petals":42,"minecraft:diamond_sword":370,"minecraft:cobblestone":278,"minecraft:bucket":3,"minecraft:oak_boat":1},"minecraft:custom":{"minecraft:interact_with_anvil":3,"minecraft:mob_kills":226,"minecraft:interact_with_crafting_table":31,"minecraft:damage_dealt_resisted":15270,"minecraft:time_since_death":14389,"minecraft:climb_one_cm":2004,"minecraft:damage_resisted":24272,"minecraft:sprint_one_cm":252220,"minecraft:walk_one_cm":245409,"minecraft:damage_blocked_by_shield":5093,"minecraft:drop":75,"tombstone:eaten_lollipop":8,"minecraft:play_noteblock":3,"minecraft:play_time":111018,"minecraft:deaths":3,"minecraft:sneak_time":12672,"minecraft:walk_under_water_one_cm":3710,"minecraft:jump":2525,"minecraft:walk_on_water_one_cm":2474,"minecraft:total_world_time":111018,"minecraft:interact_with_furnace":8,"minecraft:play_record":2,"minecraft:tune_noteblock":12,"minecraft:time_since_rest":14207,"minecraft:damage_taken":6310,"minecraft:damage_absorbed":197,"minecraft:damage_dealt":94400,"tombstone:cast_on_ally":3,"minecraft:swim_one_cm":4066,"minecraft:fly_one_cm":377506,"minecraft:open_chest":44,"minecraft:crouch_one_cm":43762,"tombstone:undead_killed":93,"minecraft:fall_one_cm":57384},"minecraft:broken":{"minecraft:chainmail_leggings":1,"minecraft:stone_sword":2,"minecraft:iron_chestplate":1,"minecraft:shield":2,"minecraft:stone_axe":1,"minecraft:iron_helmet":1}},"DataVersion":3465}