{"stats":{"minecraft:picked_up":{"minecraft:crafting_table":7,"minecraft:iron_chestplate":2,"iceandfire:witherbone":32,"minecraft:diamond_sword":10,"minecraft:string":167,"minecraft:cyan_carpet":2,"minecraft:music_disc_otherside":2,"minecraft:oak_boat":1,"minecraft:rose_bush":2,"minecraft:iron_pickaxe":1,"minecraft:smooth_quartz":27,"minecraft:coal_block":1,"minecraft:sugar_cane":6,"minecraft:iron_boots":2,"minecraft:furnace":2,"minecraft:stick":57,"minecraft:torch":21,"minecraft:spruce_fence":8,"minecraft:note_block":1,"minecraft:porkchop":8,"minecraft:cookie":5,"tombstone:grave_dust":22,"minecraft:diorite":8,"minecraft:dark_oak_planks":6,"tombstone:lollipop":10,"quark:ancient_tome":1,"minecraft:stone_sword":6,"minecraft:arrow":22,"minecraft:rotten_flesh":9,"aether:chainmail_gloves":2,"tombstone:essence_of_undeath":1,"minecraft:gold_ingot":6,"supplementaries:ash":1,"minecraft:cobblestone":355,"minecraft:enchanting_table":1,"born_in_chaos_v1:corpse_maggot":7,"minecraft:leather":2,"minecraft:oak_log":29,"minecraft:chainmail_chestplate":1,"minecraft:gunpowder":2,"minecraft:wither_skeleton_skull":5,"minecraft:dirt":16,"minecraft:chipped_anvil":2,"minecraft:bone":94,"minecraft:wheat_seeds":3,"minecraft:iron_ingot":5,"tombstone:bag_of_seeds":3,"minecraft:oak_planks":3,"minecraft:book":45,"minecraft:spider_eye":98,"minecraft:bundle":2,"minecraft:stone_axe":1,"tombstone:scroll_of_knowledge":1,"minecraft:chainmail_leggings":4,"minecraft:iron_helmet":2,"minecraft:golden_apple":1,"minecraft:chainmail_helmet":1,"tombstone:magic_scroll":1,"minecraft:oak_sapling":5,"minecraft:coal":115,"minecraft:sunflower":11},"minecraft:dropped":{"minecraft:wheat_seeds":3,"minecraft:cooked_beef":20,"minecraft:cobblestone":41,"minecraft:chainmail_helmet":2,"minecraft:golden_apple":2,"minecraft:stick":47,"minecraft:golden_carrot":5,"minecraft:rose_bush":2,"tombstone:grave_dust":11,"minecraft:sunflower":5,"minecraft:chainmail_leggings":3,"minecraft:gold_ingot":15,"tombstone:lollipop":2,"minecraft:stone_sword":1,"tombstone:gift":1,"minecraft:rotten_flesh":2,"minecraft:iron_boots":2,"sophisticatedbackpacks:backpack":1,"minecraft:spruce_fence":1,"minecraft:chainmail_chestplate":2,"minecraft:diamond_sword":3,"minecraft:shield":1,"aether:chainmail_gloves":1,"minecraft:iron_chestplate":1,"born_in_chaos_v1:corpse_maggot":2,"minecraft:spider_eye":5,"minecraft:stone_pickaxe":1,"minecraft:wooden_pickaxe":1},"minecraft:mined":{"minecraft:dark_oak_planks":7,"luminousworld:grassvariant_4":2,"minecraft:grass_block":7,"minecraft:spruce_fence":7,"luminousworld:whiteoakleaves":1,"minecraft:coal_block":1,"minecraft:spawner":4,"minecraft:furnace":2,"minecraft:fire":14,"minecraft:enchanting_table":1,"minecraft:bookshelf":19,"minecraft:stone":327,"minecraft:crafting_table":6,"minecraft:torch":2,"minecraft:note_block":1,"minecraft:rose_bush":2,"minecraft:tall_grass":6,"minecraft:cobblestone":56,"minecraft:sugar_cane":2,"minecraft:oak_planks":3,"minecraft:diorite":32,"minecraft:grass":14,"minecraft:coal_ore":50,"minecraft:oak_log":29,"minecraft:cyan_carpet":1,"minecraft:smooth_quartz":27,"minecraft:sunflower":10,"minecraft:dirt":11,"minecraft:cobweb":4,"minecraft:chipped_anvil":2,"minecraft:oak_leaves":4},"minecraft:killed_by":{"minecraft:wither_skeleton":1,"minecraft:skeleton":1},"minecraft:killed":{"minecraft:cave_spider":32,"minecraft:spider":76,"enemyexpansion:direwolf":1,"born_in_chaos_v1:maggot":5,"minecraft:skeleton":13,"enemyexpansion:goblin":1,"born_in_chaos_v1:swarmer":1,"undead_revamp2:the_moonflower":1,"earthmobsmod:lobber_zombie":1,"minecraft:creeper":1,"minecraft:zombie":1,"born_in_chaos_v1:dread_hound":1,"born_in_chaos_v1:corpse_fly":6,"enemyexpansion:botfly":3,"minecraft:wither_skeleton":63,"enemyexpansion:slugger":1},"minecraft:crafted":{"minecraft:oak_planks":116,"vanillaplustools:stone_hammer":1,"minecraft:furnace":2,"minecraft:leather":10,"minecraft:iron_axe":1,"minecraft:stone_pickaxe":10,"sophisticatedbackpacks:iron_backpack":1,"sophisticatedbackpacks:backpack":2,"minecraft:crafting_table":2,"minecraft:wooden_pickaxe":1,"minecraft:bucket":1,"minecraft:stone_axe":1,"minecraft:air":0,"minecraft:oak_boat":2,"minecraft:shield":3,"minecraft:stick":60,"quark:oak_chest":2,"minecraft:stone_sword":2},"minecraft:used":{"minecraft:stone_sword":308,"minecraft:music_disc_otherside":2,"minecraft:shield":60,"tombstone:lollipop":6,"vanillaplustools:stone_hammer":68,"minecraft:torch":21,"minecraft:dirt":16,"minecraft:chainmail_chestplate":1,"minecraft:spruce_fence":3,"minecraft:chipped_anvil":1,"minecraft:iron_axe":5,"minecraft:smooth_quartz":19,"minecraft:gunpowder":1,"minecraft:oak_sapling":5,"minecraft:furnace":2,"tombstone:gift":2,"minecraft:cooked_beef":2,"minecraft:diorite":8,"minecraft:stone_pickaxe":78,"minecraft:oak_planks":4,"minecraft:wooden_pickaxe":3,"minecraft:crafting_table":9,"minecraft:note_block":1,"minecraft:sunflower":6,"minecraft:iron_pickaxe":21,"minecraft:cyan_carpet":2,"tombstone:magic_scroll":14,"tombstone:grave_key":1,"minecraft:stone_axe":96,"minecraft:diamond_sword":320,"minecraft:cobblestone":259,"minecraft:oak_boat":1},"minecraft:custom":{"minecraft:interact_with_anvil":3,"minecraft:mob_kills":209,"minecraft:interact_with_crafting_table":27,"minecraft:damage_dealt_resisted":15270,"minecraft:time_since_death":3442,"minecraft:climb_one_cm":2004,"minecraft:damage_resisted":24272,"minecraft:sprint_one_cm":178476,"minecraft:walk_one_cm":207472,"minecraft:damage_blocked_by_shield":4613,"minecraft:drop":61,"tombstone:eaten_lollipop":6,"minecraft:play_noteblock":3,"minecraft:play_time":87018,"minecraft:deaths":2,"minecraft:sneak_time":10488,"minecraft:walk_under_water_one_cm":149,"minecraft:jump":1700,"minecraft:walk_on_water_one_cm":83,"minecraft:total_world_time":87018,"minecraft:interact_with_furnace":8,"minecraft:play_record":2,"minecraft:tune_noteblock":12,"minecraft:time_since_rest":3435,"minecraft:damage_taken":5534,"minecraft:damage_dealt":90332,"tombstone:cast_on_ally":3,"minecraft:swim_one_cm":2021,"minecraft:fly_one_cm":211562,"minecraft:open_chest":34,"minecraft:crouch_one_cm":35579,"tombstone:undead_killed":81,"minecraft:fall_one_cm":27655},"minecraft:broken":{"minecraft:chainmail_leggings":1,"minecraft:stone_sword":2,"minecraft:shield":1,"minecraft:stone_axe":1,"minecraft:iron_helmet":1}},"DataVersion":3465}