{"stats":{"minecraft:picked_up":{"minecraft:crafting_table":1,"minecraft:oak_log":29,"minecraft:gunpowder":1,"minecraft:string":2,"minecraft:dirt":16,"minecraft:wheat_seeds":3,"minecraft:smooth_quartz":9,"minecraft:sugar_cane":6,"minecraft:oak_planks":3,"minecraft:stick":4,"minecraft:spruce_fence":1,"minecraft:porkchop":8,"tombstone:grave_dust":1,"minecraft:diorite":8,"minecraft:arrow":1,"minecraft:rotten_flesh":3,"minecraft:oak_sapling":5,"minecraft:coal":26,"minecraft:cobblestone":270,"minecraft:sunflower":10},"minecraft:dropped":{"minecraft:wheat_seeds":3,"minecraft:cooked_beef":6,"minecraft:rotten_flesh":2,"tombstone:grave_dust":1,"minecraft:sunflower":4,"minecraft:wooden_pickaxe":1},"minecraft:mined":{"luminousworld:grassvariant_4":2,"minecraft:crafting_table":1,"minecraft:grass_block":7,"minecraft:spruce_fence":1,"luminousworld:whiteoakleaves":1,"minecraft:tall_grass":6,"minecraft:cobblestone":10,"minecraft:oak_planks":3,"minecraft:sugar_cane":2,"minecraft:diorite":32,"minecraft:grass":14,"minecraft:oak_log":29,"minecraft:coal_ore":50,"minecraft:sunflower":9,"minecraft:dirt":11,"minecraft:smooth_quartz":9,"minecraft:stone":327,"minecraft:oak_leaves":4},"minecraft:killed":{"undead_revamp2:the_moonflower":1,"minecraft:spider":1,"enemyexpansion:direwolf":1,"minecraft:creeper":1,"minecraft:skeleton":1,"minecraft:zombie":1,"born_in_chaos_v1:dread_hound":1,"born_in_chaos_v1:corpse_fly":1,"enemyexpansion:botfly":3},"minecraft:crafted":{"minecraft:oak_planks":116,"vanillaplustools:stone_hammer":1,"minecraft:crafting_table":2,"minecraft:wooden_pickaxe":1,"minecraft:stone_axe":1,"minecraft:oak_boat":2,"minecraft:stick":60,"minecraft:stone_pickaxe":9,"minecraft:stone_sword":1},"minecraft:used":{"minecraft:diorite":8,"minecraft:stone_sword":45,"minecraft:stone_pickaxe":66,"minecraft:oak_planks":3,"minecraft:wooden_pickaxe":3,"vanillaplustools:stone_hammer":51,"minecraft:dirt":6,"minecraft:crafting_table":2,"minecraft:sunflower":6,"minecraft:smooth_quartz":9,"minecraft:stone_axe":31,"minecraft:gunpowder":1,"minecraft:cobblestone":68,"minecraft:oak_sapling":5,"minecraft:cooked_beef":1},"minecraft:custom":{"minecraft:mob_kills":11,"minecraft:interact_with_crafting_table":7,"minecraft:time_since_death":27018,"minecraft:time_since_rest":27018,"minecraft:sprint_one_cm":50081,"minecraft:damage_taken":895,"minecraft:walk_one_cm":45051,"minecraft:drop":11,"minecraft:damage_dealt":2440,"minecraft:swim_one_cm":2021,"minecraft:fly_one_cm":76988,"minecraft:open_chest":4,"minecraft:crouch_one_cm":15668,"minecraft:play_time":27018,"tombstone:undead_killed":3,"minecraft:sneak_time":4531,"minecraft:walk_under_water_one_cm":149,"minecraft:jump":444,"minecraft:walk_on_water_one_cm":83,"minecraft:total_world_time":27018,"minecraft:fall_one_cm":10523}},"DataVersion":3465}