{"stats":{"minecraft:picked_up":{"minecraft:enchanting_table":1,"born_in_chaos_v1:corpse_maggot":1,"minecraft:crafting_table":5,"minecraft:leather":2,"minecraft:oak_log":29,"minecraft:gunpowder":1,"minecraft:string":13,"minecraft:dirt":16,"minecraft:bone":5,"minecraft:cyan_carpet":2,"minecraft:wheat_seeds":3,"minecraft:iron_ingot":5,"minecraft:rose_bush":2,"minecraft:smooth_quartz":18,"minecraft:sugar_cane":6,"minecraft:oak_planks":3,"minecraft:furnace":2,"minecraft:book":45,"minecraft:stick":4,"minecraft:torch":2,"minecraft:note_block":1,"minecraft:spruce_fence":3,"minecraft:porkchop":8,"tombstone:grave_dust":2,"minecraft:diorite":8,"minecraft:spider_eye":4,"tombstone:lollipop":2,"minecraft:stone_sword":5,"quark:ancient_tome":1,"minecraft:arrow":6,"minecraft:rotten_flesh":6,"minecraft:stone_axe":1,"aether:chainmail_gloves":1,"tombstone:scroll_of_knowledge":1,"minecraft:chainmail_leggings":4,"minecraft:golden_apple":1,"minecraft:chainmail_helmet":1,"minecraft:gold_ingot":6,"tombstone:magic_scroll":1,"minecraft:oak_sapling":5,"minecraft:coal":56,"minecraft:cobblestone":281,"minecraft:sunflower":10},"minecraft:dropped":{"minecraft:wheat_seeds":3,"minecraft:cooked_beef":6,"minecraft:rotten_flesh":2,"sophisticatedbackpacks:backpack":1,"minecraft:chainmail_helmet":1,"minecraft:golden_apple":2,"minecraft:chainmail_chestplate":1,"minecraft:shield":1,"aether:chainmail_gloves":1,"tombstone:grave_dust":1,"minecraft:spider_eye":1,"minecraft:sunflower":4,"minecraft:wooden_pickaxe":1,"minecraft:chainmail_leggings":3},"minecraft:mined":{"luminousworld:grassvariant_4":2,"minecraft:crafting_table":5,"minecraft:torch":2,"minecraft:note_block":1,"minecraft:grass_block":7,"minecraft:spruce_fence":3,"minecraft:rose_bush":2,"luminousworld:whiteoakleaves":1,"minecraft:tall_grass":6,"minecraft:cobblestone":22,"minecraft:oak_planks":3,"minecraft:sugar_cane":2,"minecraft:diorite":32,"minecraft:furnace":2,"minecraft:bookshelf":19,"minecraft:enchanting_table":1,"minecraft:grass":14,"minecraft:oak_log":29,"minecraft:coal_ore":50,"minecraft:sunflower":9,"minecraft:dirt":11,"minecraft:smooth_quartz":18,"minecraft:stone":327,"minecraft:oak_leaves":4},"minecraft:killed_by":{"minecraft:skeleton":1},"minecraft:killed":{"minecraft:cave_spider":4,"undead_revamp2:the_moonflower":1,"minecraft:spider":16,"earthmobsmod:lobber_zombie":1,"enemyexpansion:direwolf":1,"minecraft:creeper":1,"born_in_chaos_v1:maggot":3,"minecraft:skeleton":5,"minecraft:zombie":1,"born_in_chaos_v1:dread_hound":1,"born_in_chaos_v1:corpse_fly":1,"enemyexpansion:botfly":3,"minecraft:wither_skeleton":2,"enemyexpansion:goblin":1,"enemyexpansion:slugger":1},"minecraft:crafted":{"minecraft:oak_planks":116,"sophisticatedbackpacks:backpack":2,"vanillaplustools:stone_hammer":1,"minecraft:crafting_table":2,"minecraft:wooden_pickaxe":1,"minecraft:furnace":2,"minecraft:bucket":1,"minecraft:stone_axe":1,"minecraft:air":0,"minecraft:oak_boat":2,"minecraft:leather":10,"minecraft:shield":2,"quark:oak_chest":2,"minecraft:stick":60,"minecraft:stone_pickaxe":10,"minecraft:stone_sword":2},"minecraft:used":{"minecraft:diorite":8,"minecraft:stone_sword":247,"minecraft:stone_pickaxe":74,"minecraft:oak_planks":4,"minecraft:shield":37,"minecraft:wooden_pickaxe":3,"tombstone:lollipop":1,"vanillaplustools:stone_hammer":58,"minecraft:dirt":16,"minecraft:crafting_table":6,"minecraft:note_block":1,"minecraft:spruce_fence":1,"minecraft:sunflower":6,"minecraft:cyan_carpet":2,"tombstone:magic_scroll":2,"tombstone:grave_key":1,"minecraft:smooth_quartz":18,"minecraft:stone_axe":83,"minecraft:gunpowder":1,"minecraft:cobblestone":126,"minecraft:furnace":2,"minecraft:oak_sapling":5,"minecraft:cooked_beef":1},"minecraft:custom":{"minecraft:interact_with_furnace":8,"minecraft:mob_kills":42,"minecraft:tune_noteblock":12,"minecraft:interact_with_crafting_table":19,"minecraft:damage_dealt_resisted":3649,"minecraft:damage_resisted":5523,"minecraft:time_since_death":8177,"minecraft:climb_one_cm":2004,"minecraft:time_since_rest":7876,"minecraft:sprint_one_cm":97310,"minecraft:damage_taken":3598,"minecraft:walk_one_cm":112313,"minecraft:damage_blocked_by_shield":2970,"minecraft:drop":22,"tombstone:eaten_lollipop":1,"minecraft:damage_dealt":16771,"tombstone:cast_on_ally":2,"minecraft:play_noteblock":3,"minecraft:swim_one_cm":2021,"minecraft:fly_one_cm":127973,"minecraft:deaths":1,"minecraft:open_chest":9,"minecraft:crouch_one_cm":24195,"minecraft:play_time":51018,"tombstone:undead_killed":11,"minecraft:sneak_time":6749,"minecraft:walk_under_water_one_cm":149,"minecraft:jump":960,"minecraft:walk_on_water_one_cm":83,"minecraft:total_world_time":51018,"minecraft:fall_one_cm":15400},"minecraft:broken":{"minecraft:shield":1,"minecraft:chainmail_leggings":1,"minecraft:stone_sword":1}},"DataVersion":3465}