{"stats":{"minecraft:picked_up":{"minecraft:stick":4,"minecraft:wheat_seeds":2,"minecraft:porkchop":8,"minecraft:oak_log":6,"minecraft:oak_sapling":5,"minecraft:dirt":15,"minecraft:cobblestone":202,"minecraft:sunflower":4},"minecraft:dropped":{"minecraft:wooden_pickaxe":1,"minecraft:cooked_beef":6},"minecraft:mined":{"minecraft:grass":2,"minecraft:grass_block":6,"minecraft:oak_log":6,"minecraft:sunflower":6,"minecraft:dirt":11,"minecraft:stone":245,"minecraft:oak_leaves":4},"minecraft:crafted":{"minecraft:stone_sword":1,"minecraft:oak_planks":24,"vanillaplustools:stone_hammer":1,"minecraft:stone_axe":1,"minecraft:crafting_table":2,"minecraft:stick":20,"minecraft:stone_pickaxe":9,"minecraft:wooden_pickaxe":1},"minecraft:used":{"minecraft:dirt":6,"minecraft:crafting_table":2,"minecraft:sunflower":2,"minecraft:stone_pickaxe":66,"minecraft:oak_planks":3,"minecraft:wooden_pickaxe":3,"minecraft:cooked_beef":1,"vanillaplustools:stone_hammer":20},"minecraft:custom":{"minecraft:time_since_rest":15018,"minecraft:crouch_one_cm":10159,"minecraft:play_time":15018,"minecraft:sprint_one_cm":11472,"minecraft:damage_taken":270,"minecraft:walk_one_cm":14558,"minecraft:sneak_time":2562,"minecraft:drop":7,"minecraft:jump":107,"minecraft:damage_dealt":55,"minecraft:time_since_death":15018,"minecraft:total_world_time":15018,"minecraft:interact_with_crafting_table":4,"minecraft:fall_one_cm":3924,"minecraft:fly_one_cm":20818}},"DataVersion":3465}