{"stats":{"minecraft:picked_up":{"minecraft:crafting_table":5,"minecraft:iron_chestplate":1,"iceandfire:witherbone":10,"minecraft:diamond_sword":1,"minecraft:string":41,"minecraft:cyan_carpet":2,"minecraft:music_disc_otherside":2,"minecraft:oak_boat":1,"minecraft:rose_bush":2,"minecraft:iron_pickaxe":1,"minecraft:smooth_quartz":18,"minecraft:coal_block":1,"minecraft:sugar_cane":6,"minecraft:iron_boots":1,"minecraft:furnace":2,"minecraft:stick":4,"minecraft:torch":3,"minecraft:spruce_fence":5,"minecraft:note_block":1,"minecraft:porkchop":8,"tombstone:grave_dust":11,"minecraft:diorite":8,"tombstone:lollipop":4,"quark:ancient_tome":1,"minecraft:stone_sword":6,"minecraft:arrow":8,"minecraft:rotten_flesh":9,"aether:chainmail_gloves":2,"minecraft:gold_ingot":6,"minecraft:cobblestone":292,"minecraft:enchanting_table":1,"born_in_chaos_v1:corpse_maggot":7,"minecraft:leather":2,"minecraft:oak_log":29,"minecraft:chainmail_chestplate":1,"minecraft:gunpowder":1,"minecraft:wither_skeleton_skull":2,"minecraft:dirt":16,"minecraft:bone":22,"minecraft:wheat_seeds":3,"minecraft:iron_ingot":5,"tombstone:bag_of_seeds":1,"minecraft:oak_planks":3,"minecraft:book":45,"minecraft:spider_eye":9,"minecraft:stone_axe":1,"tombstone:scroll_of_knowledge":1,"minecraft:chainmail_leggings":4,"minecraft:iron_helmet":1,"minecraft:golden_apple":1,"minecraft:chainmail_helmet":1,"tombstone:magic_scroll":1,"minecraft:oak_sapling":5,"minecraft:coal":60,"minecraft:sunflower":10},"minecraft:dropped":{"minecraft:wheat_seeds":3,"minecraft:cooked_beef":20,"minecraft:chainmail_helmet":2,"minecraft:golden_apple":2,"minecraft:golden_carrot":5,"minecraft:rose_bush":2,"tombstone:grave_dust":6,"minecraft:sunflower":4,"minecraft:chainmail_leggings":3,"minecraft:gold_ingot":15,"tombstone:lollipop":1,"minecraft:rotten_flesh":2,"sophisticatedbackpacks:backpack":1,"minecraft:spruce_fence":1,"minecraft:chainmail_chestplate":2,"minecraft:shield":1,"aether:chainmail_gloves":1,"born_in_chaos_v1:corpse_maggot":2,"minecraft:spider_eye":5,"minecraft:wooden_pickaxe":1},"minecraft:mined":{"luminousworld:grassvariant_4":2,"minecraft:grass_block":7,"minecraft:spruce_fence":4,"luminousworld:whiteoakleaves":1,"minecraft:coal_block":1,"minecraft:spawner":1,"minecraft:furnace":2,"minecraft:enchanting_table":1,"minecraft:bookshelf":19,"minecraft:stone":327,"minecraft:crafting_table":5,"minecraft:torch":2,"minecraft:note_block":1,"minecraft:rose_bush":2,"minecraft:tall_grass":6,"minecraft:cobblestone":33,"minecraft:sugar_cane":2,"minecraft:oak_planks":3,"minecraft:diorite":32,"minecraft:grass":14,"minecraft:coal_ore":50,"minecraft:oak_log":29,"minecraft:smooth_quartz":18,"minecraft:sunflower":9,"minecraft:dirt":11,"minecraft:cobweb":1,"minecraft:oak_leaves":4},"minecraft:killed_by":{"minecraft:skeleton":1},"minecraft:killed":{"minecraft:cave_spider":12,"minecraft:spider":31,"enemyexpansion:direwolf":1,"born_in_chaos_v1:maggot":5,"minecraft:skeleton":9,"enemyexpansion:goblin":1,"born_in_chaos_v1:swarmer":1,"undead_revamp2:the_moonflower":1,"earthmobsmod:lobber_zombie":1,"minecraft:creeper":1,"minecraft:zombie":1,"born_in_chaos_v1:dread_hound":1,"born_in_chaos_v1:corpse_fly":6,"enemyexpansion:botfly":3,"minecraft:wither_skeleton":25,"enemyexpansion:slugger":1},"minecraft:crafted":{"minecraft:oak_planks":116,"vanillaplustools:stone_hammer":1,"minecraft:furnace":2,"minecraft:leather":10,"minecraft:stone_pickaxe":10,"sophisticatedbackpacks:backpack":2,"minecraft:crafting_table":2,"minecraft:wooden_pickaxe":1,"minecraft:bucket":1,"minecraft:stone_axe":1,"minecraft:air":0,"minecraft:oak_boat":2,"minecraft:shield":2,"minecraft:stick":60,"quark:oak_chest":2,"minecraft:stone_sword":2},"minecraft:used":{"minecraft:stone_sword":308,"minecraft:music_disc_otherside":2,"minecraft:shield":37,"tombstone:lollipop":2,"vanillaplustools:stone_hammer":63,"minecraft:torch":2,"minecraft:dirt":16,"minecraft:chainmail_chestplate":1,"minecraft:spruce_fence":3,"minecraft:smooth_quartz":18,"minecraft:gunpowder":1,"minecraft:oak_sapling":5,"minecraft:furnace":2,"tombstone:gift":1,"minecraft:cooked_beef":2,"minecraft:diorite":8,"minecraft:stone_pickaxe":78,"minecraft:oak_planks":4,"minecraft:wooden_pickaxe":3,"minecraft:crafting_table":6,"minecraft:note_block":1,"minecraft:sunflower":6,"minecraft:cyan_carpet":2,"tombstone:magic_scroll":2,"tombstone:grave_key":1,"minecraft:stone_axe":90,"minecraft:diamond_sword":79,"minecraft:cobblestone":149,"minecraft:oak_boat":1},"minecraft:custom":{"minecraft:mob_kills":101,"minecraft:interact_with_crafting_table":21,"minecraft:damage_dealt_resisted":8356,"minecraft:time_since_death":20177,"minecraft:climb_one_cm":2004,"minecraft:damage_resisted":11292,"minecraft:sprint_one_cm":117408,"minecraft:walk_one_cm":148467,"minecraft:damage_blocked_by_shield":2970,"minecraft:drop":47,"tombstone:eaten_lollipop":2,"minecraft:play_noteblock":3,"minecraft:play_time":63018,"minecraft:deaths":1,"minecraft:sneak_time":7944,"minecraft:walk_under_water_one_cm":149,"minecraft:jump":1173,"minecraft:walk_on_water_one_cm":83,"minecraft:total_world_time":63018,"minecraft:interact_with_furnace":8,"minecraft:play_record":2,"minecraft:tune_noteblock":12,"minecraft:time_since_rest":19876,"minecraft:damage_taken":3966,"minecraft:damage_dealt":40749,"tombstone:cast_on_ally":3,"minecraft:swim_one_cm":2021,"minecraft:fly_one_cm":146723,"minecraft:open_chest":17,"minecraft:crouch_one_cm":27490,"tombstone:undead_killed":39,"minecraft:fall_one_cm":18352},"minecraft:broken":{"minecraft:chainmail_leggings":1,"minecraft:stone_sword":2,"minecraft:shield":1,"minecraft:iron_helmet":1}},"DataVersion":3465}